customer_id,full_name,email,phone,city,state,created_at
1,Ifeoma Abubakar,ifeoma.abubakar1@example.com,08163101314,Ibadan,Oyo,2025-07-29 21:36:00
2,Zainab Abubakar,zainab.abubakar2@example.com,08039421434,Benin City,Edo,2025-01-29 23:51:23
3,Uche Okeke,uche.okeke3@example.com,09037307665,Lagos,Lagos,2024-11-29 04:18:21
4,Chukwudi Igwe,chukwudi.igwe4@example.com,08078559848,Onitsha,Anambra,2024-12-22 04:27:04
5,Funke Ade,funke.ade5@example.com,08136106030,Benin City,Edo,2025-06-04 18:27:59
6,Ikenna Umeh,ikenna.umeh6@example.com,09066225752,Ibadan,Oyo,2025-08-29 22:21:36
7,Tolu Adeyemi,tolu.adeyemi7@example.com,09069776747,Port Harcourt,Rivers,2024-06-08 12:05:14
8,Musa Chukwu,musa.chukwu8@example.com,08106755239,Awka,Anambra,2025-01-29 20:54:43
9,Tunde Eze,tunde.eze9@example.com,08035823689,Abeokuta,Ogun,2024-03-12 04:47:31
10,Obinna Nwosu,obinna.nwosu10@example.com,08169311617,Onitsha,Anambra,2024-04-02 09:52:42
11,Oluchi Mohammed,oluchi.mohammed11@example.com,08055502749,Port Harcourt,Rivers,2024-06-07 23:14:02
12,Ifeoma Bello,ifeoma.bello12@example.com,09069082909,Kaduna,Kaduna,2025-05-27 00:28:51
13,Zainab Balogun,zainab.balogun13@example.com,09065074230,Owerri,Imo,2024-02-15 20:30:06
14,Chioma Adeyemi,chioma.adeyemi14@example.com,08167503619,Ibadan,Oyo,2025-06-16 07:18:19
15,Obinna Obi,obinna.obi15@example.com,08038918030,Onitsha,Anambra,2025-08-16 07:44:17
16,Segun Nnamdi,segun.nnamdi16@example.com,08033171250,Asaba,Delta,2025-08-09 19:40:30
17,Damilola Nnamdi,damilola.nnamdi17@example.com,08164846910,Asaba,Delta,2024-10-24 17:38:58
18,Adaeze Obi,adaeze.obi18@example.com,08133091169,Abeokuta,Ogun,2023-10-27 18:24:41
19,Kemi Okafor,kemi.okafor19@example.com,08131865824,Kano,Kano,2025-07-03 21:48:11
20,Oluchi Igwe,oluchi.igwe20@example.com,09037860392,Abuja,FCT,2024-08-28 17:27:36
21,Aisha Onyeka,aisha.onyeka21@example.com,08109409152,Kano,Kano,2025-07-25 02:54:07
22,Nneka Bello,nneka.bello22@example.com,08034601523,Asaba,Delta,2025-02-11 20:53:08
23,Adaeze Igwe,adaeze.igwe23@example.com,08051096438,Owerri,Imo,2024-10-29 02:33:55
24,Kemi Eze,kemi.eze24@example.com,08071520040,Ibadan,Oyo,2024-10-28 06:15:27
25,Nneka Chukwu,nneka.chukwu25@example.com,08163208813,Lagos,Lagos,2023-12-28 12:58:30
26,Ikenna Igwe,ikenna.igwe26@example.com,08073408627,Nnewi,Anambra,2025-04-20 10:40:37
27,Amaka Onyeka,amaka.onyeka27@example.com,08036660501,Nnewi,Anambra,2023-10-29 18:39:28
28,Ibrahim Nnamdi,ibrahim.nnamdi28@example.com,08079486002,Asaba,Delta,2023-12-14 16:42:33
29,Chukwudi Ibe,chukwudi.ibe29@example.com,08039774682,Lagos,Lagos,2024-12-07 12:52:17
30,Emeka Eze,emeka.eze30@example.com,08071081391,Kano,Kano,2025-04-01 01:18:34
31,Adaeze Onyeka,adaeze.onyeka31@example.com,08109635203,Ibadan,Oyo,2024-02-12 10:38:33
32,Tolu Obi,tolu.obi32@example.com,08072131186,Port Harcourt,Rivers,2024-05-01 00:25:04
33,Chioma Danjuma,chioma.danjuma33@example.com,08107086326,Lagos,Lagos,2025-07-31 09:32:55
34,Ebuka Umeh,ebuka.umeh34@example.com,08038653851,Kaduna,Kaduna,2024-05-17 09:10:14
35,Chukwudi Mohammed,chukwudi.mohammed35@example.com,09031202577,Asaba,Delta,2024-06-30 13:42:45
36,Kelechi Mohammed,kelechi.mohammed36@example.com,08051439160,Abuja,FCT,2024-07-25 14:23:48
37,Yusuf Okafor,yusuf.okafor37@example.com,08107668770,Port Harcourt,Rivers,2024-04-06 07:23:12
38,Damilola Sanni,damilola.sanni38@example.com,09038106529,Ibadan,Oyo,2024-11-15 08:58:58
39,Chioma Adeyemi,chioma.adeyemi39@example.com,09068327428,Ikeja,Lagos,2024-09-18 18:27:02
40,Ngozi Obi,ngozi.obi40@example.com,08161078587,Onitsha,Anambra,2024-10-21 23:24:15
41,Emeka Danjuma,emeka.danjuma41@example.com,08164867628,Abeokuta,Ogun,2024-08-09 02:00:30
42,Amaka Okeke,amaka.okeke42@example.com,08136972918,Port Harcourt,Rivers,2025-01-04 23:46:37
43,Zainab Onyeka,zainab.onyeka43@example.com,08102845395,Awka,Anambra,2025-07-12 11:20:38
44,Ngozi Igwe,ngozi.igwe44@example.com,08076906067,Port Harcourt,Rivers,2024-01-27 12:37:15
45,Ngozi Ogunleye,ngozi.ogunleye45@example.com,08135786040,Lagos,Lagos,2025-07-30 18:00:32
46,Ebuka Balogun,ebuka.balogun46@example.com,09032720358,Asaba,Delta,2024-01-14 09:18:09
47,Ngozi Anyanwu,ngozi.anyanwu47@example.com,09036249104,Asaba,Delta,2025-08-27 06:03:22
48,Chukwudi Afolabi,chukwudi.afolabi48@example.com,08139995224,Enugu,Enugu,2023-11-04 10:38:32
49,Aisha Okeke,aisha.okeke49@example.com,09031025605,Asaba,Delta,2024-06-07 13:56:25
50,Zainab Ade,zainab.ade50@example.com,08056094992,Owerri,Imo,2024-09-29 20:23:35
51,Oluchi Nwosu,oluchi.nwosu51@example.com,08073119385,Onitsha,Anambra,2024-04-18 21:33:40
52,Chinedu Nwosu,chinedu.nwosu52@example.com,08101806953,Abeokuta,Ogun,2024-10-31 09:13:50
53,Segun Igwe,segun.igwe53@example.com,08073719691,Asaba,Delta,2025-08-21 05:31:21
54,Halima Eze,halima.eze54@example.com,08038194103,Port Harcourt,Rivers,2025-03-30 18:11:15
55,Obinna Nwosu,obinna.nwosu55@example.com,08058810547,Benin City,Edo,2025-05-04 05:57:34
56,Zainab Chukwu,zainab.chukwu56@example.com,08058234050,Owerri,Imo,2024-04-21 00:44:38
57,Adaeze Igwe,adaeze.igwe57@example.com,08135978587,Abuja,FCT,2024-05-16 20:51:28
58,Tunde Igwe,tunde.igwe58@example.com,09033469725,Lagos,Lagos,2023-11-12 12:26:47
59,Oluchi Chukwu,oluchi.chukwu59@example.com,08135037175,Port Harcourt,Rivers,2024-09-08 01:02:12
60,Emeka Umeh,emeka.umeh60@example.com,08165423058,Port Harcourt,Rivers,2025-05-14 20:23:01
61,Uche Nwosu,uche.nwosu61@example.com,08105274819,Owerri,Imo,2023-10-06 06:37:42
62,Ifeoma Nnamdi,ifeoma.nnamdi62@example.com,08037203784,Kano,Kano,2023-11-30 16:16:00
63,Yusuf Ojo,yusuf.ojo63@example.com,08079411985,Onitsha,Anambra,2025-01-14 12:13:37
64,Chioma Igwe,chioma.igwe64@example.com,08137292621,Nnewi,Anambra,2023-12-03 16:36:46
65,Ifeoma Eze,ifeoma.eze65@example.com,09039941125,Asaba,Delta,2024-07-10 22:44:24
66,Amaka Danjuma,amaka.danjuma66@example.com,08035432343,Ikeja,Lagos,2024-08-28 15:28:01
67,Funke Okeke,funke.okeke67@example.com,09036853859,Awka,Anambra,2024-03-16 19:13:03
68,Obinna Onyeka,obinna.onyeka68@example.com,09037281512,Lagos,Lagos,2024-11-24 21:51:28
69,Adaeze Danjuma,adaeze.danjuma69@example.com,08107921205,Abuja,FCT,2024-08-13 05:21:55
70,Ikenna Sanni,ikenna.sanni70@example.com,08057234907,Asaba,Delta,2023-12-31 07:16:40
71,Yusuf Anyanwu,yusuf.anyanwu71@example.com,08101069594,Ikeja,Lagos,2024-02-29 04:25:18
72,Aisha Mohammed,aisha.mohammed72@example.com,09068040736,Enugu,Enugu,2024-12-09 11:21:13
73,Aisha Adeyemi,aisha.adeyemi73@example.com,08137783179,Nnewi,Anambra,2024-02-22 03:05:06
74,Zainab Obi,zainab.obi74@example.com,08079000202,Abeokuta,Ogun,2025-03-27 16:50:17
75,Funke Umeh,funke.umeh75@example.com,08108606803,Nnewi,Anambra,2024-05-18 07:58:16
76,Tolu Danjuma,tolu.danjuma76@example.com,08039061289,Onitsha,Anambra,2025-08-06 23:02:25
77,Obinna Adeyemi,obinna.adeyemi77@example.com,08034348627,Kano,Kano,2024-10-05 19:55:43
78,Kemi Okeke,kemi.okeke78@example.com,08105190460,Nnewi,Anambra,2024-01-21 20:24:23
79,Ebuka Afolabi,ebuka.afolabi79@example.com,09064314639,Ibadan,Oyo,2024-02-07 00:38:13
80,Uche Umeh,uche.umeh80@example.com,08036151700,Port Harcourt,Rivers,2024-02-01 23:21:29
81,Nneka Sanni,nneka.sanni81@example.com,08032221974,Abuja,FCT,2024-12-17 03:16:14
82,Bisi Mohammed,bisi.mohammed82@example.com,09061659790,Onitsha,Anambra,2025-03-24 13:41:48
83,Kemi Anyanwu,kemi.anyanwu83@example.com,09068368310,Abeokuta,Ogun,2024-10-08 04:23:49
84,Tolu Abubakar,tolu.abubakar84@example.com,08105216513,Owerri,Imo,2023-11-29 07:51:02
85,Bisi Igwe,bisi.igwe85@example.com,09035734724,Ibadan,Oyo,2024-04-23 06:31:24
86,Chioma Afolabi,chioma.afolabi86@example.com,08169478333,Asaba,Delta,2025-03-27 17:02:39
87,Ibrahim Chukwu,ibrahim.chukwu87@example.com,08104094015,Ikeja,Lagos,2024-05-04 03:04:27
88,Ikenna Ibe,ikenna.ibe88@example.com,09062898552,Onitsha,Anambra,2025-02-10 21:56:14
89,Chioma Bello,chioma.bello89@example.com,09063199167,Port Harcourt,Rivers,2025-03-26 01:52:32
90,Femi Okeke,femi.okeke90@example.com,08071327589,Onitsha,Anambra,2025-03-30 21:05:46
91,Blessing Anyanwu,blessing.anyanwu91@example.com,08135594761,Kaduna,Kaduna,2025-01-03 21:37:03
92,Tolu Ogunleye,tolu.ogunleye92@example.com,08102085588,Nnewi,Anambra,2025-06-18 19:35:05
93,Blessing Okafor,blessing.okafor93@example.com,08051798287,Benin City,Edo,2025-02-27 15:16:19
94,Kemi Ibe,kemi.ibe94@example.com,09035771476,Ikeja,Lagos,2025-08-22 02:11:31
95,Bisi Adeyemi,bisi.adeyemi95@example.com,08057240802,Enugu,Enugu,2023-11-12 08:02:05
96,Tolu Mohammed,tolu.mohammed96@example.com,08132974048,Benin City,Edo,2024-12-26 11:06:28
97,Amaka Ade,amaka.ade97@example.com,08072132327,Port Harcourt,Rivers,2025-08-07 07:31:50
98,Blessing Mohammed,blessing.mohammed98@example.com,08132568462,Enugu,Enugu,2024-04-16 16:34:51
99,Chukwudi Chukwu,chukwudi.chukwu99@example.com,08059318194,Asaba,Delta,2023-10-19 05:43:23
100,Chinedu Okeke,chinedu.okeke100@example.com,08101581712,Abeokuta,Ogun,2024-12-02 23:26:52
101,Ifeoma Okeke,ifeoma.okeke101@example.com,08071035834,Kano,Kano,2025-03-30 23:21:57
102,Segun Ade,segun.ade102@example.com,08136095271,Port Harcourt,Rivers,2024-11-15 14:16:46
103,Kemi Ibe,kemi.ibe103@example.com,08073600630,Benin City,Edo,2024-07-07 17:40:46
104,Oluchi Mohammed,oluchi.mohammed104@example.com,08079133754,Awka,Anambra,2024-06-28 14:01:17
105,Uche Eze,uche.eze105@example.com,08167063924,Kano,Kano,2024-07-29 06:36:40
106,Tunde Afolabi,tunde.afolabi106@example.com,08104415223,Nnewi,Anambra,2023-12-16 19:23:23
107,Oluchi Adeyemi,oluchi.adeyemi107@example.com,09064954116,Abuja,FCT,2025-04-06 21:02:46
108,Femi Afolabi,femi.afolabi108@example.com,08054030613,Lagos,Lagos,2024-01-01 15:20:37
109,Chioma Ojo,chioma.ojo109@example.com,08078345859,Ikeja,Lagos,2024-02-18 13:47:22
110,Chinedu Okeke,chinedu.okeke110@example.com,08031619966,Ibadan,Oyo,2025-03-04 23:16:25
111,Halima Ibe,halima.ibe111@example.com,08039951299,Benin City,Edo,2023-10-27 15:27:37
112,Kelechi Ogunleye,kelechi.ogunleye112@example.com,08031101477,Ikeja,Lagos,2025-01-04 05:12:45
113,Ifeoma Ogunleye,ifeoma.ogunleye113@example.com,08051746438,Owerri,Imo,2024-09-07 17:38:56
114,Femi Balogun,femi.balogun114@example.com,09036339454,Enugu,Enugu,2025-08-18 15:21:33
115,Chioma Sanni,chioma.sanni115@example.com,08076188569,Ikeja,Lagos,2024-10-11 17:29:17
116,Oluchi Ogunleye,oluchi.ogunleye116@example.com,08053064172,Abeokuta,Ogun,2024-12-28 04:32:03
117,Chinedu Obi,chinedu.obi117@example.com,08078345330,Asaba,Delta,2024-02-10 19:27:01
118,Zainab Ojo,zainab.ojo118@example.com,08105730291,Onitsha,Anambra,2023-12-10 04:11:24
119,Kemi Balogun,kemi.balogun119@example.com,08139441271,Asaba,Delta,2024-04-24 05:26:58
120,Bisi Okeke,bisi.okeke120@example.com,08106314434,Enugu,Enugu,2025-01-15 03:58:12
121,Oluchi Ibe,oluchi.ibe121@example.com,08074042812,Nnewi,Anambra,2024-01-19 18:37:04
122,Femi Ogunleye,femi.ogunleye122@example.com,08137972768,Asaba,Delta,2024-07-29 09:17:55
123,Halima Chukwu,halima.chukwu123@example.com,08167092826,Lagos,Lagos,2023-11-25 18:54:08
124,Chinedu Okafor,chinedu.okafor124@example.com,08032989918,Awka,Anambra,2024-04-28 09:18:31
125,Ebuka Abubakar,ebuka.abubakar125@example.com,08058752059,Nnewi,Anambra,2023-11-14 17:21:17
126,Obinna Adeyemi,obinna.adeyemi126@example.com,08169901085,Awka,Anambra,2023-10-24 14:26:48
127,Adaeze Ojo,adaeze.ojo127@example.com,08109542684,Enugu,Enugu,2024-08-16 09:16:57
128,Tolu Abubakar,tolu.abubakar128@example.com,08163248510,Awka,Anambra,2024-06-17 06:58:18
129,Halima Ade,halima.ade129@example.com,08034846828,Awka,Anambra,2023-12-04 09:46:45
130,Amaka Eze,amaka.eze130@example.com,08131025981,Port Harcourt,Rivers,2023-12-08 23:49:14
131,Ngozi Ade,ngozi.ade131@example.com,08074070863,Port Harcourt,Rivers,2025-03-12 16:20:51
132,Halima Nwosu,halima.nwosu132@example.com,08101780789,Nnewi,Anambra,2025-01-25 09:26:17
133,Chinedu Ibe,chinedu.ibe133@example.com,08132457742,Ikeja,Lagos,2025-05-20 11:03:55
134,Segun Abubakar,segun.abubakar134@example.com,09069053172,Onitsha,Anambra,2024-05-03 14:30:29
135,Chukwudi Ibe,chukwudi.ibe135@example.com,08108951134,Awka,Anambra,2024-01-02 19:57:07
136,Bisi Okafor,bisi.okafor136@example.com,08034283551,Enugu,Enugu,2023-10-03 04:00:08
137,Ebuka Okafor,ebuka.okafor137@example.com,08137879296,Kano,Kano,2024-06-19 03:48:52
138,Funke Balogun,funke.balogun138@example.com,08035237188,Awka,Anambra,2024-01-24 07:04:27
139,Damilola Nwosu,damilola.nwosu139@example.com,08079326003,Asaba,Delta,2025-05-31 16:20:58
140,Damilola Adeyemi,damilola.adeyemi140@example.com,09035346045,Abeokuta,Ogun,2025-02-12 05:19:24
141,Segun Ogunleye,segun.ogunleye141@example.com,08053559268,Asaba,Delta,2025-05-17 02:48:18
142,Zainab Anyanwu,zainab.anyanwu142@example.com,08105948874,Kano,Kano,2024-01-22 06:09:44
143,Yusuf Ogunleye,yusuf.ogunleye143@example.com,09034686088,Ibadan,Oyo,2024-10-16 15:07:47
144,Kelechi Ojo,kelechi.ojo144@example.com,08164622938,Ibadan,Oyo,2024-03-19 12:33:18
145,Ikenna Okeke,ikenna.okeke145@example.com,08037443035,Enugu,Enugu,2025-05-09 23:19:35
146,Chioma Ade,chioma.ade146@example.com,08134321413,Benin City,Edo,2024-05-16 15:53:12
147,Aisha Ibe,aisha.ibe147@example.com,08037915562,Lagos,Lagos,2024-12-09 16:27:09
148,Ikenna Ade,ikenna.ade148@example.com,08163598507,Kaduna,Kaduna,2024-08-15 02:34:37
149,Funke Adeyemi,funke.adeyemi149@example.com,08166647361,Ibadan,Oyo,2023-10-10 05:38:30
150,Funke Chukwu,funke.chukwu150@example.com,08078343159,Enugu,Enugu,2024-04-27 23:51:37
151,Nneka Ade,nneka.ade151@example.com,09064363009,Kaduna,Kaduna,2025-07-01 18:58:29
152,Ibrahim Nnamdi,ibrahim.nnamdi152@example.com,08162772360,Kaduna,Kaduna,2025-06-02 06:07:53
153,Ngozi Onyeka,ngozi.onyeka153@example.com,09064165334,Port Harcourt,Rivers,2024-06-17 01:55:57
154,Tunde Abubakar,tunde.abubakar154@example.com,08135339347,Nnewi,Anambra,2024-03-09 16:09:24
155,Tunde Balogun,tunde.balogun155@example.com,08079051029,Ibadan,Oyo,2023-12-19 09:57:38
156,Aisha Okafor,aisha.okafor156@example.com,08136335693,Owerri,Imo,2025-04-27 16:03:03
157,Chukwudi Chukwu,chukwudi.chukwu157@example.com,08072529644,Ibadan,Oyo,2024-08-23 16:05:26
158,Chukwudi Nnamdi,chukwudi.nnamdi158@example.com,08167981213,Abeokuta,Ogun,2025-02-03 23:55:57
159,Ibrahim Abubakar,ibrahim.abubakar159@example.com,09061193994,Nnewi,Anambra,2024-05-27 11:57:38
160,Ikenna Balogun,ikenna.balogun160@example.com,08032908633,Port Harcourt,Rivers,2024-09-03 01:57:45
161,Musa Anyanwu,musa.anyanwu161@example.com,08134160991,Nnewi,Anambra,2025-02-21 19:50:43
162,Oluchi Ade,oluchi.ade162@example.com,09063656667,Ikeja,Lagos,2024-11-18 12:23:49
163,Yusuf Sanni,yusuf.sanni163@example.com,08104123707,Abuja,FCT,2023-12-12 09:21:15
164,Uche Okafor,uche.okafor164@example.com,08073273320,Nnewi,Anambra,2024-05-31 18:15:33
165,Adaeze Danjuma,adaeze.danjuma165@example.com,09038183755,Kano,Kano,2024-06-02 01:06:29
166,Damilola Okafor,damilola.okafor166@example.com,08138058870,Asaba,Delta,2025-01-01 17:37:29
167,Kemi Onyeka,kemi.onyeka167@example.com,08131884089,Benin City,Edo,2025-01-24 13:43:01
168,Obinna Nnamdi,obinna.nnamdi168@example.com,09032081282,Nnewi,Anambra,2024-05-28 00:01:57
169,Kelechi Ade,kelechi.ade169@example.com,08055801886,Kano,Kano,2025-01-12 05:32:56
170,Chukwudi Nwosu,chukwudi.nwosu170@example.com,08161031318,Lagos,Lagos,2024-07-11 14:03:53
171,Uche Chukwu,uche.chukwu171@example.com,08106005640,Benin City,Edo,2025-02-22 14:24:59
172,Tunde Sanni,tunde.sanni172@example.com,08057595245,Lagos,Lagos,2025-07-14 18:42:22
173,Emeka Nwosu,emeka.nwosu173@example.com,08033417936,Nnewi,Anambra,2024-12-22 18:47:45
174,Halima Obi,halima.obi174@example.com,09038810658,Nnewi,Anambra,2023-11-15 05:45:34
175,Adaeze Umeh,adaeze.umeh175@example.com,09067601473,Abeokuta,Ogun,2024-02-02 09:27:05
176,Halima Anyanwu,halima.anyanwu176@example.com,09069114861,Owerri,Imo,2024-02-26 14:03:02
177,Segun Nnamdi,segun.nnamdi177@example.com,08169009108,Abuja,FCT,2024-12-19 09:37:36
178,Ebuka Eze,ebuka.eze178@example.com,08166632414,Asaba,Delta,2023-12-13 22:11:09
179,Oluchi Danjuma,oluchi.danjuma179@example.com,08167646223,Enugu,Enugu,2025-03-18 12:25:19
180,Halima Mohammed,halima.mohammed180@example.com,08109375706,Port Harcourt,Rivers,2024-03-29 15:50:12
181,Tolu Chukwu,tolu.chukwu181@example.com,08055281845,Kaduna,Kaduna,2024-05-01 08:26:53
182,Musa Afolabi,musa.afolabi182@example.com,08139384557,Onitsha,Anambra,2025-01-02 10:59:29
183,Chukwudi Ogunleye,chukwudi.ogunleye183@example.com,09066761604,Abeokuta,Ogun,2024-06-28 08:44:34
184,Emeka Eze,emeka.eze184@example.com,08108296461,Awka,Anambra,2025-07-01 06:00:32
185,Chioma Obi,chioma.obi185@example.com,09066898076,Onitsha,Anambra,2025-05-24 15:12:34
186,Blessing Afolabi,blessing.afolabi186@example.com,09036148233,Onitsha,Anambra,2025-01-24 09:28:06
187,Ibrahim Ade,ibrahim.ade187@example.com,08168697170,Asaba,Delta,2023-12-25 14:39:03
188,Emeka Chukwu,emeka.chukwu188@example.com,09066291387,Asaba,Delta,2024-01-06 11:53:23
189,Oluchi Balogun,oluchi.balogun189@example.com,09067568196,Enugu,Enugu,2024-08-10 12:13:45
190,Yusuf Lawal,yusuf.lawal190@example.com,09065447585,Nnewi,Anambra,2025-07-26 02:30:24
191,Tunde Igwe,tunde.igwe191@example.com,09061143788,Ikeja,Lagos,2024-04-20 22:44:45
192,Oluchi Balogun,oluchi.balogun192@example.com,08101805844,Kano,Kano,2024-09-27 04:53:12
193,Chukwudi Mohammed,chukwudi.mohammed193@example.com,09034399388,Enugu,Enugu,2025-05-18 10:12:21
194,Yusuf Afolabi,yusuf.afolabi194@example.com,08108687979,Ikeja,Lagos,2024-08-26 03:13:14
195,Nneka Umeh,nneka.umeh195@example.com,08073732798,Lagos,Lagos,2025-06-29 08:48:10
196,Chinedu Chukwu,chinedu.chukwu196@example.com,09063934693,Enugu,Enugu,2025-06-13 09:53:24
197,Femi Okafor,femi.okafor197@example.com,08058279927,Owerri,Imo,2025-08-11 17:52:57
198,Emeka Umeh,emeka.umeh198@example.com,09035872848,Ibadan,Oyo,2025-05-13 14:25:04
199,Bisi Igwe,bisi.igwe199@example.com,08165780883,Ikeja,Lagos,2025-05-07 10:05:05
200,Ebuka Nwosu,ebuka.nwosu200@example.com,08072603411,Asaba,Delta,2023-11-12 16:27:45
201,Damilola Balogun,damilola.balogun201@example.com,08138676732,Awka,Anambra,2025-08-12 01:07:33
202,Zainab Chukwu,zainab.chukwu202@example.com,08137695891,Abuja,FCT,2024-07-02 14:06:19
203,Obinna Ojo,obinna.ojo203@example.com,08078238140,Kaduna,Kaduna,2025-05-07 04:21:24
204,Ibrahim Umeh,ibrahim.umeh204@example.com,09033701243,Lagos,Lagos,2025-06-02 01:47:19
205,Adaeze Abubakar,adaeze.abubakar205@example.com,08167676987,Nnewi,Anambra,2023-11-29 03:45:28
206,Tunde Umeh,tunde.umeh206@example.com,09033612095,Port Harcourt,Rivers,2024-03-16 14:09:55
207,Tolu Okafor,tolu.okafor207@example.com,08162783890,Owerri,Imo,2025-04-22 16:40:41
208,Zainab Nwosu,zainab.nwosu208@example.com,08131950060,Awka,Anambra,2023-12-02 12:12:53
209,Musa Mohammed,musa.mohammed209@example.com,08058923576,Asaba,Delta,2025-04-16 23:11:19
210,Tunde Ibe,tunde.ibe210@example.com,09039853129,Kano,Kano,2023-10-07 18:22:33
211,Damilola Onyeka,damilola.onyeka211@example.com,08072659117,Benin City,Edo,2024-11-21 21:32:49
212,Ibrahim Sanni,ibrahim.sanni212@example.com,08169476536,Kaduna,Kaduna,2023-11-23 16:34:25
213,Chinedu Ade,chinedu.ade213@example.com,09062141789,Kaduna,Kaduna,2024-07-18 08:27:26
214,Nneka Anyanwu,nneka.anyanwu214@example.com,09061450543,Kaduna,Kaduna,2025-03-27 20:51:20
215,Oluchi Okafor,oluchi.okafor215@example.com,09065220469,Lagos,Lagos,2024-02-29 10:52:52
216,Tolu Balogun,tolu.balogun216@example.com,08139640910,Ibadan,Oyo,2024-07-17 21:03:30
217,Kelechi Ojo,kelechi.ojo217@example.com,08034161403,Nnewi,Anambra,2024-10-12 06:17:04
218,Zainab Ibe,zainab.ibe218@example.com,08167531667,Kaduna,Kaduna,2025-02-07 05:22:52
219,Femi Ogunleye,femi.ogunleye219@example.com,08136921254,Owerri,Imo,2025-08-17 20:10:59
220,Kemi Sanni,kemi.sanni220@example.com,08168338713,Onitsha,Anambra,2024-06-13 11:16:23
221,Ikenna Ogunleye,ikenna.ogunleye221@example.com,08134666087,Kano,Kano,2024-01-24 15:57:43
222,Ifeoma Nwosu,ifeoma.nwosu222@example.com,09062029021,Benin City,Edo,2024-02-23 23:30:19
223,Musa Balogun,musa.balogun223@example.com,08101779742,Enugu,Enugu,2025-06-23 06:10:07
224,Uche Chukwu,uche.chukwu224@example.com,08138674686,Nnewi,Anambra,2024-05-28 00:16:43
225,Adaeze Chukwu,adaeze.chukwu225@example.com,08139251276,Abeokuta,Ogun,2025-06-20 09:30:59
226,Ifeoma Mohammed,ifeoma.mohammed226@example.com,09035812576,Lagos,Lagos,2024-02-07 22:29:02
227,Obinna Ogunleye,obinna.ogunleye227@example.com,09033612033,Enugu,Enugu,2025-08-23 22:58:58
228,Chioma Okafor,chioma.okafor228@example.com,08059307685,Awka,Anambra,2023-12-02 17:54:10
229,Oluchi Chukwu,oluchi.chukwu229@example.com,09066315181,Nnewi,Anambra,2024-05-23 22:22:40
230,Aisha Ade,aisha.ade230@example.com,08034958736,Enugu,Enugu,2023-12-19 20:04:00
231,Aisha Eze,aisha.eze231@example.com,09033427141,Kano,Kano,2024-03-26 07:08:16
232,Ikenna Ibe,ikenna.ibe232@example.com,08033213036,Abeokuta,Ogun,2025-06-22 11:56:21
233,Obinna Onyeka,obinna.onyeka233@example.com,08079944201,Asaba,Delta,2024-03-08 16:53:18
234,Chukwudi Lawal,chukwudi.lawal234@example.com,08074440004,Lagos,Lagos,2023-12-25 20:56:26
235,Ifeoma Anyanwu,ifeoma.anyanwu235@example.com,08162452125,Abuja,FCT,2024-07-09 03:03:59
236,Zainab Danjuma,zainab.danjuma236@example.com,08108772728,Ikeja,Lagos,2025-03-18 15:15:27
237,Kelechi Ojo,kelechi.ojo237@example.com,08059729915,Enugu,Enugu,2025-05-04 00:24:17
238,Aisha Anyanwu,aisha.anyanwu238@example.com,08168153682,Ibadan,Oyo,2023-10-23 00:14:18
239,Ngozi Nnamdi,ngozi.nnamdi239@example.com,08034114268,Kano,Kano,2024-05-24 21:13:51
240,Kelechi Anyanwu,kelechi.anyanwu240@example.com,08165332637,Abuja,FCT,2024-06-13 14:22:03
241,Aisha Sanni,aisha.sanni241@example.com,08058338402,Ibadan,Oyo,2024-09-02 01:42:08
242,Aisha Okafor,aisha.okafor242@example.com,08072258489,Owerri,Imo,2024-08-20 21:43:56
243,Ibrahim Ade,ibrahim.ade243@example.com,08078773983,Nnewi,Anambra,2025-07-26 17:35:37
244,Tunde Umeh,tunde.umeh244@example.com,08035147008,Nnewi,Anambra,2024-05-09 08:26:17
245,Tolu Adeyemi,tolu.adeyemi245@example.com,08169521124,Lagos,Lagos,2024-03-08 02:40:09
246,Segun Bello,segun.bello246@example.com,08078813835,Lagos,Lagos,2025-05-09 14:37:17
247,Obinna Ibe,obinna.ibe247@example.com,08034551284,Ikeja,Lagos,2025-01-10 22:46:43
248,Yusuf Ade,yusuf.ade248@example.com,08056408409,Owerri,Imo,2024-04-30 17:08:48
249,Amaka Okeke,amaka.okeke249@example.com,08074891399,Lagos,Lagos,2025-02-06 05:05:42
250,Yusuf Obi,yusuf.obi250@example.com,08107088410,Benin City,Edo,2025-02-07 05:47:28
251,Kelechi Ade,kelechi.ade251@example.com,08038084762,Ibadan,Oyo,2025-01-02 20:04:21
252,Adaeze Adeyemi,adaeze.adeyemi252@example.com,08164479811,Enugu,Enugu,2024-08-17 13:48:31
253,Yusuf Eze,yusuf.eze253@example.com,08033435690,Kano,Kano,2024-11-01 04:40:41
254,Chinedu Ogunleye,chinedu.ogunleye254@example.com,08053400711,Nnewi,Anambra,2025-01-11 16:49:45
255,Chukwudi Nwosu,chukwudi.nwosu255@example.com,09066329372,Ikeja,Lagos,2024-12-16 19:29:22
256,Oluchi Ade,oluchi.ade256@example.com,08075652315,Awka,Anambra,2024-10-20 12:23:27
257,Uche Nnamdi,uche.nnamdi257@example.com,08163802905,Asaba,Delta,2024-12-03 23:33:22
258,Aisha Balogun,aisha.balogun258@example.com,09068719879,Port Harcourt,Rivers,2024-04-19 04:20:04
259,Damilola Lawal,damilola.lawal259@example.com,08052354851,Kano,Kano,2024-07-12 02:40:05
260,Adaeze Anyanwu,adaeze.anyanwu260@example.com,08038851390,Benin City,Edo,2024-05-23 21:36:18
261,Ngozi Abubakar,ngozi.abubakar261@example.com,08032666941,Ibadan,Oyo,2025-08-20 14:12:44
262,Ifeoma Mohammed,ifeoma.mohammed262@example.com,09031825622,Abeokuta,Ogun,2025-08-10 03:39:29
263,Ngozi Anyanwu,ngozi.anyanwu263@example.com,08138850026,Port Harcourt,Rivers,2025-08-09 04:46:28
264,Chinedu Nwosu,chinedu.nwosu264@example.com,08035539794,Nnewi,Anambra,2024-06-16 12:46:00
265,Bisi Nnamdi,bisi.nnamdi265@example.com,08169177734,Nnewi,Anambra,2025-02-05 05:34:30
266,Ifeoma Balogun,ifeoma.balogun266@example.com,09067036170,Port Harcourt,Rivers,2024-10-04 23:54:05
267,Obinna Ojo,obinna.ojo267@example.com,08073078677,Awka,Anambra,2025-02-24 06:56:39
268,Emeka Ade,emeka.ade268@example.com,08164068033,Kano,Kano,2024-11-21 13:35:33
269,Halima Chukwu,halima.chukwu269@example.com,08136709335,Asaba,Delta,2024-03-18 03:06:11
270,Chinedu Adeyemi,chinedu.adeyemi270@example.com,08075661745,Awka,Anambra,2025-05-25 07:01:13
271,Musa Ogunleye,musa.ogunleye271@example.com,09061022089,Awka,Anambra,2024-01-12 15:28:52
272,Zainab Igwe,zainab.igwe272@example.com,08109677720,Ikeja,Lagos,2025-02-23 04:19:02
273,Kemi Igwe,kemi.igwe273@example.com,08103154972,Owerri,Imo,2024-01-08 16:22:12
274,Amaka Anyanwu,amaka.anyanwu274@example.com,08051996567,Abeokuta,Ogun,2024-06-07 14:14:45
275,Zainab Nnamdi,zainab.nnamdi275@example.com,08031576406,Owerri,Imo,2023-11-26 03:51:37
276,Uche Ogunleye,uche.ogunleye276@example.com,08162403568,Owerri,Imo,2024-04-19 14:46:34
277,Blessing Ade,blessing.ade277@example.com,08131254717,Ibadan,Oyo,2024-07-08 11:48:33
278,Funke Ade,funke.ade278@example.com,08078659294,Kaduna,Kaduna,2023-11-22 14:05:22
279,Ikenna Igwe,ikenna.igwe279@example.com,08102770075,Abuja,FCT,2025-08-07 08:21:07
280,Kemi Mohammed,kemi.mohammed280@example.com,08134739248,Kaduna,Kaduna,2023-10-18 09:02:38
281,Chinedu Bello,chinedu.bello281@example.com,08131772947,Benin City,Edo,2024-08-31 05:54:34
282,Femi Eze,femi.eze282@example.com,09032251114,Asaba,Delta,2024-02-26 09:23:04
283,Oluchi Lawal,oluchi.lawal283@example.com,08101937129,Owerri,Imo,2023-11-06 00:19:59
284,Kemi Onyeka,kemi.onyeka284@example.com,08079106533,Nnewi,Anambra,2025-06-02 17:29:46
285,Tolu Ade,tolu.ade285@example.com,09069290107,Onitsha,Anambra,2025-06-09 21:24:07
286,Funke Eze,funke.eze286@example.com,08164407248,Lagos,Lagos,2024-09-19 02:36:51
287,Tolu Sanni,tolu.sanni287@example.com,08052449016,Kaduna,Kaduna,2024-05-18 11:38:47
288,Uche Obi,uche.obi288@example.com,08034363332,Benin City,Edo,2023-11-22 11:11:19
289,Ebuka Umeh,ebuka.umeh289@example.com,08078858694,Enugu,Enugu,2023-12-29 04:44:57
290,Emeka Bello,emeka.bello290@example.com,08037800914,Enugu,Enugu,2025-07-24 15:35:08
291,Tunde Okafor,tunde.okafor291@example.com,08168769954,Awka,Anambra,2024-08-19 23:52:33
292,Chinedu Okafor,chinedu.okafor292@example.com,09034364735,Awka,Anambra,2025-04-12 14:39:48
293,Zainab Igwe,zainab.igwe293@example.com,09065465181,Ibadan,Oyo,2025-08-16 23:32:27
294,Ngozi Anyanwu,ngozi.anyanwu294@example.com,09039282217,Ibadan,Oyo,2024-06-13 13:01:11
295,Amaka Ibe,amaka.ibe295@example.com,08167113227,Awka,Anambra,2025-04-20 22:29:46
296,Damilola Abubakar,damilola.abubakar296@example.com,08165045442,Ibadan,Oyo,2024-11-30 14:51:55
297,Chinedu Anyanwu,chinedu.anyanwu297@example.com,08079573837,Kaduna,Kaduna,2025-08-09 05:48:46
298,Bisi Anyanwu,bisi.anyanwu298@example.com,09037659791,Enugu,Enugu,2024-05-13 04:04:15
299,Kelechi Nwosu,kelechi.nwosu299@example.com,09061832830,Abuja,FCT,2025-06-27 22:32:26
300,Damilola Balogun,damilola.balogun300@example.com,08136154762,Ibadan,Oyo,2024-08-13 03:48:11
301,Kelechi Adeyemi,kelechi.adeyemi301@example.com,09032350567,Port Harcourt,Rivers,2024-10-30 01:50:07
302,Chinedu Adeyemi,chinedu.adeyemi302@example.com,08037997817,Abeokuta,Ogun,2025-01-29 20:37:39
303,Bisi Lawal,bisi.lawal303@example.com,08054739521,Ibadan,Oyo,2025-08-03 23:14:39
304,Chinedu Ade,chinedu.ade304@example.com,09068966428,Asaba,Delta,2024-07-29 22:23:46
305,Ibrahim Chukwu,ibrahim.chukwu305@example.com,09063511767,Onitsha,Anambra,2024-08-17 23:04:54
306,Yusuf Nwosu,yusuf.nwosu306@example.com,08054972809,Kaduna,Kaduna,2024-02-02 11:14:59
307,Funke Afolabi,funke.afolabi307@example.com,09034985662,Abuja,FCT,2024-04-26 04:06:28
308,Blessing Ade,blessing.ade308@example.com,08078842413,Lagos,Lagos,2025-03-04 03:01:56
309,Adaeze Ojo,adaeze.ojo309@example.com,09033830084,Awka,Anambra,2024-01-23 21:14:46
310,Yusuf Okeke,yusuf.okeke310@example.com,08075631403,Lagos,Lagos,2024-08-31 11:57:34
311,Tolu Afolabi,tolu.afolabi311@example.com,09033458994,Ibadan,Oyo,2025-06-02 15:23:16
312,Uche Chukwu,uche.chukwu312@example.com,08036482385,Asaba,Delta,2025-01-09 12:29:20
313,Tunde Umeh,tunde.umeh313@example.com,08161537759,Enugu,Enugu,2023-11-26 10:39:48
314,Obinna Danjuma,obinna.danjuma314@example.com,08168812096,Abuja,FCT,2024-01-26 01:39:37
315,Kemi Abubakar,kemi.abubakar315@example.com,09038821962,Abuja,FCT,2024-12-15 05:27:59
316,Kemi Eze,kemi.eze316@example.com,08137462058,Asaba,Delta,2024-08-11 08:52:51
317,Ibrahim Okafor,ibrahim.okafor317@example.com,08035579061,Kaduna,Kaduna,2025-02-08 22:04:37
318,Ifeoma Abubakar,ifeoma.abubakar318@example.com,08162278101,Abuja,FCT,2023-10-12 19:37:21
319,Femi Obi,femi.obi319@example.com,08102557055,Lagos,Lagos,2025-04-25 18:04:41
320,Musa Danjuma,musa.danjuma320@example.com,08101950380,Enugu,Enugu,2024-05-18 15:27:04
321,Oluchi Bello,oluchi.bello321@example.com,08034217114,Owerri,Imo,2024-08-21 20:44:36
322,Musa Eze,musa.eze322@example.com,09033919035,Ibadan,Oyo,2024-12-02 18:58:10
323,Uche Anyanwu,uche.anyanwu323@example.com,08039280114,Port Harcourt,Rivers,2025-05-21 05:03:18
324,Blessing Balogun,blessing.balogun324@example.com,08108886680,Kaduna,Kaduna,2024-06-10 08:19:08
325,Damilola Bello,damilola.bello325@example.com,08161487459,Ibadan,Oyo,2024-09-03 20:39:27
326,Segun Bello,segun.bello326@example.com,08109932207,Abeokuta,Ogun,2024-08-08 08:09:01
327,Ifeoma Bello,ifeoma.bello327@example.com,09035006248,Owerri,Imo,2024-08-26 22:58:37
328,Ngozi Onyeka,ngozi.onyeka328@example.com,08055911355,Nnewi,Anambra,2025-08-18 18:38:13
329,Tunde Ojo,tunde.ojo329@example.com,09038838087,Onitsha,Anambra,2024-02-13 06:51:01
330,Kelechi Bello,kelechi.bello330@example.com,08167089462,Ikeja,Lagos,2024-10-30 14:39:10
331,Bisi Okafor,bisi.okafor331@example.com,08038127664,Ikeja,Lagos,2025-05-08 10:27:17
332,Ngozi Nnamdi,ngozi.nnamdi332@example.com,08167617651,Nnewi,Anambra,2024-01-04 03:44:48
333,Ngozi Abubakar,ngozi.abubakar333@example.com,08076638484,Nnewi,Anambra,2024-12-22 08:12:50
334,Ibrahim Chukwu,ibrahim.chukwu334@example.com,08033414477,Benin City,Edo,2025-03-23 06:12:09
335,Ngozi Bello,ngozi.bello335@example.com,08072731689,Nnewi,Anambra,2025-04-28 14:32:49
336,Kemi Igwe,kemi.igwe336@example.com,08035457253,Enugu,Enugu,2024-07-07 23:26:23
337,Yusuf Igwe,yusuf.igwe337@example.com,08131836206,Kaduna,Kaduna,2025-04-25 09:52:31
338,Uche Afolabi,uche.afolabi338@example.com,08058444189,Owerri,Imo,2025-06-30 17:18:06
339,Nneka Ojo,nneka.ojo339@example.com,09034538029,Lagos,Lagos,2025-01-24 03:44:39
340,Ngozi Okafor,ngozi.okafor340@example.com,08132938994,Port Harcourt,Rivers,2024-01-14 09:14:29
341,Bisi Mohammed,bisi.mohammed341@example.com,09068454600,Port Harcourt,Rivers,2024-08-23 01:11:52
342,Uche Ogunleye,uche.ogunleye342@example.com,08079416661,Port Harcourt,Rivers,2025-02-16 12:22:06
343,Chukwudi Abubakar,chukwudi.abubakar343@example.com,09067943595,Kaduna,Kaduna,2024-12-06 06:52:11
344,Bisi Okafor,bisi.okafor344@example.com,08037312857,Nnewi,Anambra,2024-06-25 21:23:25
345,Ifeoma Okeke,ifeoma.okeke345@example.com,08162571353,Enugu,Enugu,2025-04-14 01:19:27
346,Bisi Okeke,bisi.okeke346@example.com,08139461100,Onitsha,Anambra,2024-07-14 01:22:30
347,Amaka Balogun,amaka.balogun347@example.com,08037089014,Awka,Anambra,2025-02-03 13:16:55
348,Ikenna Ibe,ikenna.ibe348@example.com,08034531246,Kaduna,Kaduna,2024-10-09 21:53:53
349,Obinna Afolabi,obinna.afolabi349@example.com,09068306021,Nnewi,Anambra,2025-01-21 16:22:08
350,Kemi Lawal,kemi.lawal350@example.com,08108064762,Abuja,FCT,2023-10-31 14:13:14
351,Bisi Afolabi,bisi.afolabi351@example.com,09061743600,Lagos,Lagos,2024-07-16 00:28:04
352,Emeka Afolabi,emeka.afolabi352@example.com,08038950838,Kano,Kano,2024-09-04 09:32:32
353,Oluchi Anyanwu,oluchi.anyanwu353@example.com,09069605611,Ikeja,Lagos,2024-02-07 06:21:34
354,Kelechi Anyanwu,kelechi.anyanwu354@example.com,08037170064,Owerri,Imo,2023-10-04 21:40:37
355,Nneka Afolabi,nneka.afolabi355@example.com,08037392080,Abuja,FCT,2024-07-31 09:31:21
356,Ibrahim Onyeka,ibrahim.onyeka356@example.com,09062127325,Kano,Kano,2024-01-01 13:20:40
357,Emeka Obi,emeka.obi357@example.com,09039915713,Asaba,Delta,2024-03-07 00:05:08
358,Tunde Abubakar,tunde.abubakar358@example.com,08104943750,Awka,Anambra,2025-06-05 14:01:07
359,Tolu Ade,tolu.ade359@example.com,08106284388,Asaba,Delta,2025-03-15 05:49:47
360,Damilola Okafor,damilola.okafor360@example.com,08161824399,Asaba,Delta,2025-05-01 20:24:12
361,Ebuka Ogunleye,ebuka.ogunleye361@example.com,09034292866,Asaba,Delta,2024-03-25 05:32:07
362,Tolu Abubakar,tolu.abubakar362@example.com,08138219108,Lagos,Lagos,2024-01-23 06:48:24
363,Tunde Ibe,tunde.ibe363@example.com,08134167160,Awka,Anambra,2024-05-24 08:53:32
364,Ibrahim Afolabi,ibrahim.afolabi364@example.com,08168216406,Onitsha,Anambra,2024-03-01 14:54:05
365,Aisha Anyanwu,aisha.anyanwu365@example.com,08164187159,Abeokuta,Ogun,2024-02-18 06:55:02
366,Emeka Nwosu,emeka.nwosu366@example.com,09035053917,Kaduna,Kaduna,2025-03-15 14:08:47
367,Chioma Lawal,chioma.lawal367@example.com,08056612329,Lagos,Lagos,2023-12-09 10:47:10
368,Emeka Ojo,emeka.ojo368@example.com,08039511606,Lagos,Lagos,2025-03-16 01:24:01
369,Bisi Nnamdi,bisi.nnamdi369@example.com,08051641069,Abeokuta,Ogun,2024-07-13 12:35:26
370,Aisha Adeyemi,aisha.adeyemi370@example.com,08164747652,Ikeja,Lagos,2024-04-16 03:46:49
371,Femi Balogun,femi.balogun371@example.com,08102810530,Ibadan,Oyo,2025-05-31 15:40:36
372,Funke Umeh,funke.umeh372@example.com,09035025827,Lagos,Lagos,2025-07-14 00:12:03
373,Uche Okafor,uche.okafor373@example.com,08039462421,Port Harcourt,Rivers,2025-01-27 03:06:46
374,Uche Afolabi,uche.afolabi374@example.com,08137974407,Benin City,Edo,2024-08-11 16:52:23
375,Chinedu Onyeka,chinedu.onyeka375@example.com,08101363117,Ibadan,Oyo,2024-10-31 05:28:35
376,Oluchi Abubakar,oluchi.abubakar376@example.com,08071291488,Lagos,Lagos,2024-07-01 17:53:41
377,Chinedu Obi,chinedu.obi377@example.com,08051824974,Abeokuta,Ogun,2024-04-14 16:31:34
378,Ifeoma Adeyemi,ifeoma.adeyemi378@example.com,08107688506,Asaba,Delta,2024-06-21 20:40:01
379,Obinna Abubakar,obinna.abubakar379@example.com,08039360042,Ibadan,Oyo,2024-10-11 05:55:01
380,Kelechi Okeke,kelechi.okeke380@example.com,08078618912,Benin City,Edo,2024-10-28 14:13:50
381,Damilola Danjuma,damilola.danjuma381@example.com,08134315330,Kano,Kano,2025-04-27 00:39:58
382,Tolu Abubakar,tolu.abubakar382@example.com,09031370506,Owerri,Imo,2025-04-13 16:04:54
383,Amaka Eze,amaka.eze383@example.com,08071724623,Owerri,Imo,2025-03-20 15:08:30
384,Obinna Afolabi,obinna.afolabi384@example.com,09063122150,Benin City,Edo,2024-03-17 08:17:52
385,Femi Ibe,femi.ibe385@example.com,08103710551,Nnewi,Anambra,2024-12-26 07:51:30
386,Nneka Ibe,nneka.ibe386@example.com,09061255562,Port Harcourt,Rivers,2024-06-17 19:39:12
387,Bisi Lawal,bisi.lawal387@example.com,08073693989,Ikeja,Lagos,2025-02-01 15:56:01
388,Ebuka Ibe,ebuka.ibe388@example.com,08058307764,Lagos,Lagos,2024-09-26 04:56:39
389,Ebuka Sanni,ebuka.sanni389@example.com,08107534965,Awka,Anambra,2024-10-11 17:37:14
390,Aisha Mohammed,aisha.mohammed390@example.com,08161799537,Kaduna,Kaduna,2025-04-08 21:22:49
391,Yusuf Mohammed,yusuf.mohammed391@example.com,09036632807,Ibadan,Oyo,2025-04-22 08:46:50
392,Uche Adeyemi,uche.adeyemi392@example.com,09063752166,Asaba,Delta,2024-06-21 17:34:11
393,Funke Okeke,funke.okeke393@example.com,09031766580,Nnewi,Anambra,2025-01-03 18:06:26
394,Chinedu Mohammed,chinedu.mohammed394@example.com,08059642622,Abeokuta,Ogun,2023-12-12 00:58:59
395,Amaka Ojo,amaka.ojo395@example.com,09039891286,Lagos,Lagos,2024-11-07 22:01:07
396,Kemi Okeke,kemi.okeke396@example.com,08161799096,Lagos,Lagos,2024-08-11 00:30:19
397,Segun Abubakar,segun.abubakar397@example.com,08057354182,Awka,Anambra,2024-09-08 06:21:50
398,Chukwudi Ogunleye,chukwudi.ogunleye398@example.com,09039994131,Enugu,Enugu,2025-01-02 04:08:43
399,Ebuka Ojo,ebuka.ojo399@example.com,08058603848,Abeokuta,Ogun,2024-11-13 19:56:50
400,Ebuka Okeke,ebuka.okeke400@example.com,08077471516,Kaduna,Kaduna,2024-07-10 05:10:35
401,Tolu Anyanwu,tolu.anyanwu401@example.com,08072032844,Asaba,Delta,2024-10-08 13:34:17
402,Ngozi Anyanwu,ngozi.anyanwu402@example.com,08059800802,Lagos,Lagos,2025-06-11 07:44:05
403,Kelechi Chukwu,kelechi.chukwu403@example.com,08109570593,Onitsha,Anambra,2024-03-13 03:58:25
404,Chioma Ojo,chioma.ojo404@example.com,08163912247,Asaba,Delta,2025-04-04 05:53:42
405,Kelechi Obi,kelechi.obi405@example.com,08131162766,Kaduna,Kaduna,2024-06-09 12:56:10
406,Chioma Ogunleye,chioma.ogunleye406@example.com,08051663956,Port Harcourt,Rivers,2024-08-20 04:57:58
407,Nneka Sanni,nneka.sanni407@example.com,08079724216,Onitsha,Anambra,2024-03-30 00:50:05
408,Yusuf Okeke,yusuf.okeke408@example.com,08165355432,Port Harcourt,Rivers,2025-03-23 08:39:05
409,Blessing Eze,blessing.eze409@example.com,08105907606,Enugu,Enugu,2024-06-14 07:17:49
410,Chioma Sanni,chioma.sanni410@example.com,09031048794,Port Harcourt,Rivers,2024-06-07 18:41:06
411,Tolu Lawal,tolu.lawal411@example.com,09036475185,Port Harcourt,Rivers,2025-07-04 16:00:12
412,Segun Okeke,segun.okeke412@example.com,08166982183,Kano,Kano,2023-12-13 14:09:26
413,Chioma Ade,chioma.ade413@example.com,08166091700,Awka,Anambra,2024-05-01 19:18:58
414,Segun Ade,segun.ade414@example.com,08107970120,Nnewi,Anambra,2025-01-06 21:21:24
415,Bisi Ogunleye,bisi.ogunleye415@example.com,08079930116,Enugu,Enugu,2024-10-23 16:22:01
416,Aisha Chukwu,aisha.chukwu416@example.com,09031171151,Asaba,Delta,2024-11-29 10:33:23
417,Halima Ibe,halima.ibe417@example.com,08166822301,Port Harcourt,Rivers,2025-05-08 14:14:52
418,Nneka Ojo,nneka.ojo418@example.com,08051512214,Kano,Kano,2025-03-02 22:30:53
419,Chinedu Okafor,chinedu.okafor419@example.com,08052927136,Kaduna,Kaduna,2024-05-21 22:14:18
420,Femi Danjuma,femi.danjuma420@example.com,08036057752,Port Harcourt,Rivers,2025-07-30 17:37:00
421,Segun Nwosu,segun.nwosu421@example.com,08133715555,Abeokuta,Ogun,2024-08-08 13:48:21
422,Chinedu Nwosu,chinedu.nwosu422@example.com,08057707784,Lagos,Lagos,2023-12-11 11:03:20
423,Zainab Danjuma,zainab.danjuma423@example.com,08108922279,Onitsha,Anambra,2023-11-12 08:11:20
424,Obinna Okeke,obinna.okeke424@example.com,09034644759,Port Harcourt,Rivers,2024-09-29 00:44:09
425,Uche Danjuma,uche.danjuma425@example.com,08134389683,Abeokuta,Ogun,2025-05-27 20:50:15
426,Femi Balogun,femi.balogun426@example.com,08135530953,Abeokuta,Ogun,2025-04-02 17:00:51
427,Damilola Nwosu,damilola.nwosu427@example.com,08056873625,Benin City,Edo,2023-11-09 07:03:41
428,Ikenna Chukwu,ikenna.chukwu428@example.com,09032868122,Enugu,Enugu,2024-02-07 08:24:44
429,Segun Ojo,segun.ojo429@example.com,09062950995,Kano,Kano,2025-01-13 21:54:06
430,Uche Bello,uche.bello430@example.com,09065100272,Benin City,Edo,2024-10-16 11:59:14
431,Aisha Okafor,aisha.okafor431@example.com,08072601176,Owerri,Imo,2024-07-20 02:19:00
432,Adaeze Afolabi,adaeze.afolabi432@example.com,08105792437,Abuja,FCT,2024-02-26 08:37:17
433,Tunde Anyanwu,tunde.anyanwu433@example.com,09069261550,Benin City,Edo,2025-07-19 19:09:21
434,Halima Ibe,halima.ibe434@example.com,08132892086,Abuja,FCT,2024-08-27 01:15:52
435,Nneka Mohammed,nneka.mohammed435@example.com,08052563117,Kano,Kano,2025-05-01 19:39:17
436,Obinna Umeh,obinna.umeh436@example.com,08038683595,Awka,Anambra,2025-06-29 02:07:18
437,Ikenna Lawal,ikenna.lawal437@example.com,08102248648,Nnewi,Anambra,2024-06-10 23:29:02
438,Aisha Ojo,aisha.ojo438@example.com,08109833314,Owerri,Imo,2024-02-17 10:23:33
439,Obinna Igwe,obinna.igwe439@example.com,08059496040,Onitsha,Anambra,2023-12-29 20:35:39
440,Chukwudi Mohammed,chukwudi.mohammed440@example.com,08054070156,Abeokuta,Ogun,2025-04-26 10:55:08
441,Ifeoma Eze,ifeoma.eze441@example.com,08033565556,Onitsha,Anambra,2024-08-15 09:34:50
442,Ifeoma Adeyemi,ifeoma.adeyemi442@example.com,08075932931,Owerri,Imo,2025-06-09 11:20:32
443,Kelechi Lawal,kelechi.lawal443@example.com,09038176311,Kano,Kano,2024-07-29 03:45:07
444,Damilola Anyanwu,damilola.anyanwu444@example.com,08165379191,Awka,Anambra,2025-04-22 14:24:30
445,Ibrahim Eze,ibrahim.eze445@example.com,09035948487,Enugu,Enugu,2025-07-16 13:01:09
446,Tolu Okeke,tolu.okeke446@example.com,09067803286,Ikeja,Lagos,2024-03-10 05:26:58
447,Uche Anyanwu,uche.anyanwu447@example.com,08164646320,Asaba,Delta,2024-08-16 22:11:47
448,Kemi Igwe,kemi.igwe448@example.com,08132488693,Onitsha,Anambra,2024-09-29 15:14:31
449,Damilola Igwe,damilola.igwe449@example.com,08035041472,Port Harcourt,Rivers,2024-03-24 23:57:08
450,Ibrahim Lawal,ibrahim.lawal450@example.com,08074377247,Kaduna,Kaduna,2024-07-23 14:37:25
451,Femi Abubakar,femi.abubakar451@example.com,08051291942,Abeokuta,Ogun,2025-07-12 19:42:55
452,Bisi Ibe,bisi.ibe452@example.com,08101694522,Ikeja,Lagos,2025-05-02 12:54:53
453,Nneka Eze,nneka.eze453@example.com,08102526321,Enugu,Enugu,2023-10-18 22:18:47
454,Zainab Igwe,zainab.igwe454@example.com,08051695417,Nnewi,Anambra,2025-03-22 18:43:00
455,Emeka Danjuma,emeka.danjuma455@example.com,09061666639,Ibadan,Oyo,2024-09-11 03:18:39
456,Halima Onyeka,halima.onyeka456@example.com,08053845450,Abuja,FCT,2024-01-13 07:59:08
457,Femi Nnamdi,femi.nnamdi457@example.com,08055829655,Benin City,Edo,2025-06-10 19:16:56
458,Aisha Afolabi,aisha.afolabi458@example.com,08038359418,Port Harcourt,Rivers,2025-03-18 17:00:47
459,Aisha Anyanwu,aisha.anyanwu459@example.com,08103396009,Benin City,Edo,2024-09-10 17:44:01
460,Chinedu Nnamdi,chinedu.nnamdi460@example.com,08076691754,Ibadan,Oyo,2024-08-23 19:10:51
461,Ibrahim Okeke,ibrahim.okeke461@example.com,08101459703,Onitsha,Anambra,2025-01-03 00:50:28
462,Uche Igwe,uche.igwe462@example.com,08074091235,Owerri,Imo,2024-05-13 21:47:55
463,Chinedu Lawal,chinedu.lawal463@example.com,08169835004,Kaduna,Kaduna,2024-04-26 09:18:11
464,Nneka Nnamdi,nneka.nnamdi464@example.com,08033675515,Awka,Anambra,2024-04-18 23:41:28
465,Uche Afolabi,uche.afolabi465@example.com,09038790312,Benin City,Edo,2024-09-09 06:46:52
466,Ifeoma Ojo,ifeoma.ojo466@example.com,09069452474,Ikeja,Lagos,2024-10-23 20:19:39
467,Ebuka Sanni,ebuka.sanni467@example.com,08074692672,Onitsha,Anambra,2025-08-24 00:03:07
468,Chioma Ibe,chioma.ibe468@example.com,08163707508,Onitsha,Anambra,2024-09-25 08:47:03
469,Segun Bello,segun.bello469@example.com,08031700231,Lagos,Lagos,2023-11-28 21:36:04
470,Segun Abubakar,segun.abubakar470@example.com,08034782076,Abuja,FCT,2025-05-19 09:16:17
471,Emeka Nwosu,emeka.nwosu471@example.com,09031827257,Owerri,Imo,2024-09-15 14:59:02
472,Bisi Ade,bisi.ade472@example.com,08138207137,Kano,Kano,2024-03-08 12:59:54
473,Tunde Bello,tunde.bello473@example.com,08138508998,Kaduna,Kaduna,2025-02-19 17:11:13
474,Amaka Obi,amaka.obi474@example.com,08135864040,Kaduna,Kaduna,2024-08-17 14:03:11
475,Ngozi Abubakar,ngozi.abubakar475@example.com,08166370592,Awka,Anambra,2023-11-24 22:32:37
476,Uche Ogunleye,uche.ogunleye476@example.com,09066315906,Owerri,Imo,2024-02-18 06:13:07
477,Oluchi Lawal,oluchi.lawal477@example.com,08051854503,Kano,Kano,2023-10-06 00:11:44
478,Zainab Sanni,zainab.sanni478@example.com,08039606168,Abeokuta,Ogun,2024-03-17 17:41:33
479,Obinna Eze,obinna.eze479@example.com,08074130295,Kaduna,Kaduna,2025-08-26 05:49:01
480,Tunde Nwosu,tunde.nwosu480@example.com,09068235385,Owerri,Imo,2025-07-12 20:44:58
481,Uche Igwe,uche.igwe481@example.com,09038700918,Nnewi,Anambra,2024-08-09 04:38:18
482,Aisha Obi,aisha.obi482@example.com,09038913110,Kaduna,Kaduna,2025-05-28 22:43:12
483,Ikenna Ibe,ikenna.ibe483@example.com,08055407422,Nnewi,Anambra,2024-02-24 01:16:03
484,Yusuf Ojo,yusuf.ojo484@example.com,08161251211,Owerri,Imo,2025-02-23 18:12:17
485,Segun Bello,segun.bello485@example.com,08073566368,Awka,Anambra,2023-11-16 15:53:48
486,Adaeze Adeyemi,adaeze.adeyemi486@example.com,08076186090,Port Harcourt,Rivers,2023-11-23 23:17:02
487,Amaka Balogun,amaka.balogun487@example.com,08137874917,Ibadan,Oyo,2024-05-19 14:08:39
488,Funke Umeh,funke.umeh488@example.com,08039030130,Nnewi,Anambra,2025-01-28 19:40:37
489,Emeka Eze,emeka.eze489@example.com,08103443573,Asaba,Delta,2024-04-30 15:59:35
490,Yusuf Anyanwu,yusuf.anyanwu490@example.com,08035978184,Lagos,Lagos,2023-10-23 12:15:20
491,Ifeoma Bello,ifeoma.bello491@example.com,08139388046,Nnewi,Anambra,2024-11-09 14:54:11
492,Blessing Onyeka,blessing.onyeka492@example.com,09039612897,Onitsha,Anambra,2025-05-18 23:25:18
493,Kemi Danjuma,kemi.danjuma493@example.com,08169900254,Benin City,Edo,2024-11-13 11:00:30
494,Amaka Danjuma,amaka.danjuma494@example.com,08134932572,Benin City,Edo,2024-10-16 05:28:19
495,Femi Adeyemi,femi.adeyemi495@example.com,09037335095,Kano,Kano,2025-08-17 22:44:50
496,Ebuka Umeh,ebuka.umeh496@example.com,08074223543,Ikeja,Lagos,2023-10-24 14:54:03
497,Ebuka Eze,ebuka.eze497@example.com,09032108429,Ibadan,Oyo,2024-04-11 05:44:42
498,Kelechi Nwosu,kelechi.nwosu498@example.com,08071007295,Ibadan,Oyo,2023-12-23 02:36:52
499,Yusuf Lawal,yusuf.lawal499@example.com,08059376277,Ibadan,Oyo,2025-05-11 23:00:24
500,Blessing Umeh,blessing.umeh500@example.com,09032695518,Owerri,Imo,2023-10-06 10:21:36
501,Ifeoma Sanni,ifeoma.sanni501@example.com,08102022101,Ibadan,Oyo,2024-09-09 14:44:28
502,Ikenna Nnamdi,ikenna.nnamdi502@example.com,08056049981,Nnewi,Anambra,2024-06-22 07:54:44
503,Femi Chukwu,femi.chukwu503@example.com,09061394747,Abuja,FCT,2024-09-08 01:33:32
504,Aisha Abubakar,aisha.abubakar504@example.com,08075609469,Enugu,Enugu,2024-06-11 22:28:49
505,Oluchi Bello,oluchi.bello505@example.com,09062591544,Ibadan,Oyo,2024-06-09 04:15:39
506,Nneka Balogun,nneka.balogun506@example.com,08034365715,Benin City,Edo,2024-03-14 00:49:57
507,Chukwudi Eze,chukwudi.eze507@example.com,09068633861,Ibadan,Oyo,2025-06-25 02:29:37
508,Blessing Igwe,blessing.igwe508@example.com,09031433345,Enugu,Enugu,2025-08-25 13:45:58
509,Chinedu Danjuma,chinedu.danjuma509@example.com,08136044504,Lagos,Lagos,2024-02-23 18:08:21
510,Halima Eze,halima.eze510@example.com,08103083231,Ikeja,Lagos,2024-02-26 19:19:55
511,Funke Sanni,funke.sanni511@example.com,08164307506,Ibadan,Oyo,2025-07-15 22:29:47
512,Halima Danjuma,halima.danjuma512@example.com,09039908255,Benin City,Edo,2025-03-28 00:57:02
513,Yusuf Umeh,yusuf.umeh513@example.com,08053196227,Abuja,FCT,2025-05-22 13:19:13
514,Ifeoma Sanni,ifeoma.sanni514@example.com,08038587867,Awka,Anambra,2024-10-23 06:56:47
515,Emeka Ade,emeka.ade515@example.com,08051058931,Nnewi,Anambra,2025-02-24 14:41:29
516,Kemi Okafor,kemi.okafor516@example.com,08161283573,Enugu,Enugu,2025-03-31 01:35:48
517,Segun Abubakar,segun.abubakar517@example.com,08035242095,Lagos,Lagos,2025-06-13 01:00:32
518,Ngozi Nwosu,ngozi.nwosu518@example.com,08103617643,Abeokuta,Ogun,2024-10-10 10:41:24
519,Ngozi Mohammed,ngozi.mohammed519@example.com,08168377024,Owerri,Imo,2023-10-03 10:54:33
520,Ikenna Sanni,ikenna.sanni520@example.com,09061525226,Port Harcourt,Rivers,2024-12-19 10:09:07
521,Oluchi Lawal,oluchi.lawal521@example.com,08161210523,Nnewi,Anambra,2024-02-27 17:13:41
522,Zainab Balogun,zainab.balogun522@example.com,08058488660,Abuja,FCT,2025-04-24 21:01:28
523,Segun Bello,segun.bello523@example.com,08038114494,Asaba,Delta,2024-03-03 22:53:14
524,Chukwudi Ogunleye,chukwudi.ogunleye524@example.com,08162823766,Lagos,Lagos,2024-05-13 21:00:44
525,Emeka Umeh,emeka.umeh525@example.com,08079965048,Kano,Kano,2025-06-06 17:11:57
526,Halima Abubakar,halima.abubakar526@example.com,08162259999,Abuja,FCT,2025-05-28 20:50:56
527,Chinedu Bello,chinedu.bello527@example.com,08073272399,Port Harcourt,Rivers,2023-12-31 08:26:30
528,Aisha Balogun,aisha.balogun528@example.com,08058983245,Abeokuta,Ogun,2024-04-16 15:16:05
529,Tolu Onyeka,tolu.onyeka529@example.com,08076204644,Benin City,Edo,2025-04-26 22:45:59
530,Chinedu Nnamdi,chinedu.nnamdi530@example.com,09069578989,Asaba,Delta,2024-02-19 07:50:56
531,Blessing Bello,blessing.bello531@example.com,09036942176,Kano,Kano,2025-01-26 09:21:27
532,Ngozi Okafor,ngozi.okafor532@example.com,08169487494,Abuja,FCT,2023-10-20 09:28:15
533,Uche Ogunleye,uche.ogunleye533@example.com,08109462546,Ibadan,Oyo,2023-10-12 22:07:11
534,Bisi Ojo,bisi.ojo534@example.com,09038344655,Onitsha,Anambra,2024-10-19 16:23:21
535,Kemi Okafor,kemi.okafor535@example.com,08107577458,Nnewi,Anambra,2024-11-18 20:22:59
536,Ngozi Eze,ngozi.eze536@example.com,08104298317,Enugu,Enugu,2025-06-30 02:19:09
537,Chinedu Anyanwu,chinedu.anyanwu537@example.com,08169134812,Ibadan,Oyo,2025-05-24 15:21:15
538,Bisi Danjuma,bisi.danjuma538@example.com,09065993111,Enugu,Enugu,2024-11-19 07:58:43
539,Adaeze Mohammed,adaeze.mohammed539@example.com,08057000035,Lagos,Lagos,2024-09-16 21:07:40
540,Funke Chukwu,funke.chukwu540@example.com,09063943923,Abuja,FCT,2024-03-20 13:41:05
541,Uche Nwosu,uche.nwosu541@example.com,08132827009,Benin City,Edo,2024-09-12 04:36:23
542,Oluchi Ibe,oluchi.ibe542@example.com,08031094492,Lagos,Lagos,2025-02-18 23:18:57
543,Emeka Sanni,emeka.sanni543@example.com,08104595555,Benin City,Edo,2024-10-05 23:15:43
544,Funke Obi,funke.obi544@example.com,08161502516,Abuja,FCT,2024-02-01 09:15:30
545,Tolu Mohammed,tolu.mohammed545@example.com,08163923243,Enugu,Enugu,2025-02-04 20:46:28
546,Damilola Mohammed,damilola.mohammed546@example.com,08074084810,Abuja,FCT,2023-11-09 10:09:04
547,Obinna Onyeka,obinna.onyeka547@example.com,09062188366,Lagos,Lagos,2024-09-17 02:25:46
548,Ebuka Sanni,ebuka.sanni548@example.com,08168389554,Enugu,Enugu,2025-03-21 04:40:21
549,Yusuf Ojo,yusuf.ojo549@example.com,08162155766,Awka,Anambra,2024-08-29 14:12:19
550,Aisha Anyanwu,aisha.anyanwu550@example.com,08055408034,Enugu,Enugu,2024-06-13 13:24:02
551,Ebuka Bello,ebuka.bello551@example.com,08167087093,Port Harcourt,Rivers,2025-02-23 01:06:26
552,Tolu Ibe,tolu.ibe552@example.com,08136308542,Owerri,Imo,2023-10-04 23:39:04
553,Ebuka Mohammed,ebuka.mohammed553@example.com,08051370071,Onitsha,Anambra,2024-06-07 03:30:27
554,Tunde Ibe,tunde.ibe554@example.com,08104767578,Abuja,FCT,2024-08-16 04:24:08
555,Bisi Danjuma,bisi.danjuma555@example.com,08134946276,Ikeja,Lagos,2025-07-04 23:38:07
556,Kemi Ojo,kemi.ojo556@example.com,09034488779,Ikeja,Lagos,2024-08-13 21:20:33
557,Ngozi Danjuma,ngozi.danjuma557@example.com,09063018718,Kaduna,Kaduna,2025-07-27 08:55:29
558,Ifeoma Ade,ifeoma.ade558@example.com,09035781169,Abeokuta,Ogun,2025-07-17 06:43:33
559,Nneka Ogunleye,nneka.ogunleye559@example.com,08104831683,Benin City,Edo,2025-06-15 13:15:54
560,Musa Eze,musa.eze560@example.com,08032739746,Asaba,Delta,2024-08-29 22:38:33
561,Ibrahim Eze,ibrahim.eze561@example.com,08101012105,Abuja,FCT,2025-08-18 20:37:20
562,Emeka Bello,emeka.bello562@example.com,08131216868,Ibadan,Oyo,2024-03-16 01:35:13
563,Segun Ojo,segun.ojo563@example.com,08058405640,Abeokuta,Ogun,2023-12-07 02:41:53
564,Bisi Balogun,bisi.balogun564@example.com,08101699743,Lagos,Lagos,2023-10-08 20:44:19
565,Blessing Eze,blessing.eze565@example.com,08075023145,Kano,Kano,2025-01-10 02:40:02
566,Segun Ibe,segun.ibe566@example.com,08132836413,Asaba,Delta,2025-01-09 04:12:17
567,Ibrahim Okafor,ibrahim.okafor567@example.com,08077427336,Ibadan,Oyo,2025-02-19 18:22:09
568,Halima Okeke,halima.okeke568@example.com,08161847887,Enugu,Enugu,2024-07-20 12:42:00
569,Amaka Onyeka,amaka.onyeka569@example.com,08101029291,Enugu,Enugu,2025-05-30 21:51:47
570,Ifeoma Lawal,ifeoma.lawal570@example.com,09066540852,Enugu,Enugu,2025-06-21 21:06:27
571,Bisi Igwe,bisi.igwe571@example.com,09033186338,Awka,Anambra,2024-06-16 19:31:14
572,Ikenna Adeyemi,ikenna.adeyemi572@example.com,08055743066,Onitsha,Anambra,2024-07-25 01:50:15
573,Uche Nnamdi,uche.nnamdi573@example.com,08053330439,Ikeja,Lagos,2025-03-03 02:29:05
574,Oluchi Mohammed,oluchi.mohammed574@example.com,09063913344,Abeokuta,Ogun,2025-05-20 23:08:52
575,Nneka Ibe,nneka.ibe575@example.com,08037580972,Nnewi,Anambra,2024-02-24 01:20:46
576,Ifeoma Ibe,ifeoma.ibe576@example.com,08079108899,Enugu,Enugu,2024-06-28 22:34:45
577,Ngozi Lawal,ngozi.lawal577@example.com,08134663292,Kaduna,Kaduna,2024-02-16 02:36:48
578,Musa Abubakar,musa.abubakar578@example.com,09064955171,Benin City,Edo,2024-12-13 07:24:05
579,Chioma Danjuma,chioma.danjuma579@example.com,08138303167,Onitsha,Anambra,2023-10-29 16:47:58
580,Chukwudi Okafor,chukwudi.okafor580@example.com,08132599080,Awka,Anambra,2024-01-09 23:04:02
581,Nneka Sanni,nneka.sanni581@example.com,08053202009,Port Harcourt,Rivers,2024-02-18 02:00:23
582,Zainab Ibe,zainab.ibe582@example.com,09032829130,Benin City,Edo,2025-06-19 01:31:06
583,Nneka Lawal,nneka.lawal583@example.com,09034148191,Benin City,Edo,2024-12-27 00:44:05
584,Emeka Obi,emeka.obi584@example.com,09035392360,Onitsha,Anambra,2024-04-17 22:32:41
585,Halima Ojo,halima.ojo585@example.com,08105032011,Abeokuta,Ogun,2025-06-26 19:17:08
586,Ibrahim Igwe,ibrahim.igwe586@example.com,09066096048,Asaba,Delta,2025-06-21 07:11:14
587,Bisi Okeke,bisi.okeke587@example.com,09062020678,Nnewi,Anambra,2025-03-04 11:37:35
588,Ngozi Mohammed,ngozi.mohammed588@example.com,08077777681,Abuja,FCT,2025-06-10 01:51:58
589,Chioma Sanni,chioma.sanni589@example.com,08135756774,Abeokuta,Ogun,2024-03-09 19:33:00
590,Yusuf Abubakar,yusuf.abubakar590@example.com,08071908157,Port Harcourt,Rivers,2024-11-12 14:35:25
591,Ikenna Lawal,ikenna.lawal591@example.com,08051936970,Awka,Anambra,2024-03-03 23:29:27
592,Ibrahim Bello,ibrahim.bello592@example.com,08077875011,Abuja,FCT,2024-01-11 03:31:37
593,Nneka Eze,nneka.eze593@example.com,09037598819,Lagos,Lagos,2023-12-26 09:58:44
594,Nneka Nwosu,nneka.nwosu594@example.com,08102906187,Lagos,Lagos,2025-07-20 21:47:50
595,Chioma Anyanwu,chioma.anyanwu595@example.com,09062123884,Benin City,Edo,2023-10-07 19:21:18
596,Ngozi Ibe,ngozi.ibe596@example.com,08071475743,Kano,Kano,2024-04-24 17:00:56
597,Halima Afolabi,halima.afolabi597@example.com,08031305751,Nnewi,Anambra,2025-03-25 21:06:12
598,Damilola Lawal,damilola.lawal598@example.com,08169144650,Abeokuta,Ogun,2023-10-09 05:31:07
599,Nneka Abubakar,nneka.abubakar599@example.com,08034280329,Lagos,Lagos,2024-01-04 19:08:14
600,Oluchi Balogun,oluchi.balogun600@example.com,08057547072,Abeokuta,Ogun,2025-03-07 23:05:51
601,Adaeze Afolabi,adaeze.afolabi601@example.com,08074700839,Nnewi,Anambra,2024-04-28 19:24:31
602,Adaeze Adeyemi,adaeze.adeyemi602@example.com,08131382066,Asaba,Delta,2024-04-18 22:02:32
603,Tunde Anyanwu,tunde.anyanwu603@example.com,08131182823,Ibadan,Oyo,2025-01-03 09:24:19
604,Aisha Afolabi,aisha.afolabi604@example.com,08133020714,Enugu,Enugu,2024-05-20 15:06:10
605,Tolu Abubakar,tolu.abubakar605@example.com,08074923159,Kaduna,Kaduna,2024-08-02 14:30:48
606,Damilola Okafor,damilola.okafor606@example.com,09032004711,Lagos,Lagos,2025-03-01 19:09:23
607,Halima Abubakar,halima.abubakar607@example.com,09063178569,Abeokuta,Ogun,2025-04-26 17:02:16
608,Ebuka Sanni,ebuka.sanni608@example.com,08074324533,Kano,Kano,2024-12-31 00:23:51
609,Ngozi Nnamdi,ngozi.nnamdi609@example.com,09062314091,Ikeja,Lagos,2025-06-25 09:08:30
610,Chukwudi Igwe,chukwudi.igwe610@example.com,08134060026,Kano,Kano,2024-07-30 16:36:44
611,Musa Lawal,musa.lawal611@example.com,09069188345,Kaduna,Kaduna,2024-04-21 21:44:08
612,Bisi Umeh,bisi.umeh612@example.com,08078331059,Lagos,Lagos,2024-11-12 06:11:11
613,Oluchi Obi,oluchi.obi613@example.com,08076991798,Ibadan,Oyo,2025-03-06 18:53:29
614,Yusuf Nwosu,yusuf.nwosu614@example.com,08163194664,Lagos,Lagos,2025-07-10 19:15:57
615,Tunde Adeyemi,tunde.adeyemi615@example.com,08136171753,Benin City,Edo,2025-05-27 05:34:31
616,Tolu Adeyemi,tolu.adeyemi616@example.com,09037448538,Abuja,FCT,2025-07-29 00:33:47
617,Ebuka Anyanwu,ebuka.anyanwu617@example.com,08101959963,Abeokuta,Ogun,2024-09-07 17:05:58
618,Adaeze Abubakar,adaeze.abubakar618@example.com,09037626498,Asaba,Delta,2024-05-27 21:30:10
619,Ifeoma Ade,ifeoma.ade619@example.com,08054714452,Onitsha,Anambra,2023-11-20 01:23:14
620,Obinna Ibe,obinna.ibe620@example.com,08102748124,Port Harcourt,Rivers,2025-08-05 03:44:06
621,Nneka Okeke,nneka.okeke621@example.com,09036177501,Kaduna,Kaduna,2024-10-06 11:54:32
622,Chukwudi Igwe,chukwudi.igwe622@example.com,09032127009,Nnewi,Anambra,2025-02-02 22:27:37
623,Bisi Umeh,bisi.umeh623@example.com,08037360886,Abeokuta,Ogun,2025-03-09 21:28:48
624,Bisi Sanni,bisi.sanni624@example.com,09069735865,Ikeja,Lagos,2024-03-19 21:45:32
625,Chioma Adeyemi,chioma.adeyemi625@example.com,08074718063,Kaduna,Kaduna,2024-12-01 11:01:42
626,Emeka Ibe,emeka.ibe626@example.com,08076896346,Abeokuta,Ogun,2025-03-30 23:00:52
627,Amaka Abubakar,amaka.abubakar627@example.com,08168115926,Ikeja,Lagos,2024-04-23 13:48:31
628,Uche Sanni,uche.sanni628@example.com,08039946031,Asaba,Delta,2024-12-22 00:13:15
629,Kemi Chukwu,kemi.chukwu629@example.com,08169151220,Asaba,Delta,2024-12-16 22:44:38
630,Halima Nnamdi,halima.nnamdi630@example.com,08161653577,Kano,Kano,2025-07-26 02:31:11
631,Funke Abubakar,funke.abubakar631@example.com,09062393035,Awka,Anambra,2025-07-11 02:44:48
632,Emeka Sanni,emeka.sanni632@example.com,08033723100,Owerri,Imo,2025-06-08 00:29:31
633,Uche Nnamdi,uche.nnamdi633@example.com,08071837389,Owerri,Imo,2025-05-07 11:06:31
634,Kemi Igwe,kemi.igwe634@example.com,08165298375,Benin City,Edo,2025-08-10 22:23:24
635,Tolu Okeke,tolu.okeke635@example.com,08161816069,Kano,Kano,2025-05-13 21:43:32
636,Segun Obi,segun.obi636@example.com,08034031389,Asaba,Delta,2025-04-12 08:42:18
637,Ngozi Balogun,ngozi.balogun637@example.com,08052229616,Owerri,Imo,2024-01-15 10:28:34
638,Oluchi Obi,oluchi.obi638@example.com,08101714093,Ibadan,Oyo,2024-02-07 19:08:49
639,Oluchi Mohammed,oluchi.mohammed639@example.com,08031827299,Ibadan,Oyo,2024-12-04 22:21:46
640,Ifeoma Bello,ifeoma.bello640@example.com,08036071846,Lagos,Lagos,2024-08-06 23:05:10
641,Femi Abubakar,femi.abubakar641@example.com,08057016917,Owerri,Imo,2024-07-14 18:59:14
642,Blessing Eze,blessing.eze642@example.com,08134842369,Enugu,Enugu,2023-12-16 17:01:13
643,Musa Lawal,musa.lawal643@example.com,08059030429,Enugu,Enugu,2024-02-21 14:07:29
644,Yusuf Abubakar,yusuf.abubakar644@example.com,08163616267,Awka,Anambra,2024-10-03 18:40:18
645,Ifeoma Eze,ifeoma.eze645@example.com,08104228807,Ikeja,Lagos,2025-06-17 09:32:31
646,Kelechi Onyeka,kelechi.onyeka646@example.com,08033724939,Asaba,Delta,2023-10-08 10:40:35
647,Uche Chukwu,uche.chukwu647@example.com,08072724450,Enugu,Enugu,2023-10-29 03:36:06
648,Obinna Danjuma,obinna.danjuma648@example.com,08079250075,Owerri,Imo,2025-02-27 08:09:56
649,Blessing Okeke,blessing.okeke649@example.com,08058181310,Lagos,Lagos,2024-01-13 22:54:04
650,Uche Afolabi,uche.afolabi650@example.com,08033631572,Abeokuta,Ogun,2023-12-27 00:32:33
651,Blessing Abubakar,blessing.abubakar651@example.com,08051205276,Benin City,Edo,2025-01-04 12:51:45
652,Segun Eze,segun.eze652@example.com,08059019745,Asaba,Delta,2025-07-22 21:31:29
653,Emeka Anyanwu,emeka.anyanwu653@example.com,09032507831,Asaba,Delta,2025-03-28 02:01:55
654,Oluchi Obi,oluchi.obi654@example.com,09031706179,Enugu,Enugu,2023-12-02 15:02:37
655,Tolu Lawal,tolu.lawal655@example.com,09066249567,Port Harcourt,Rivers,2024-09-02 04:56:12
656,Halima Okafor,halima.okafor656@example.com,09062270970,Nnewi,Anambra,2024-12-27 18:13:38
657,Ibrahim Bello,ibrahim.bello657@example.com,08054915479,Kaduna,Kaduna,2025-01-15 13:25:19
658,Bisi Obi,bisi.obi658@example.com,09063316852,Awka,Anambra,2023-11-29 10:31:41
659,Funke Balogun,funke.balogun659@example.com,08058444713,Awka,Anambra,2024-02-21 02:21:03
660,Zainab Balogun,zainab.balogun660@example.com,09061164000,Ibadan,Oyo,2023-12-30 23:07:46
661,Femi Ogunleye,femi.ogunleye661@example.com,09038562734,Onitsha,Anambra,2024-03-28 21:07:10
662,Yusuf Bello,yusuf.bello662@example.com,08106019482,Owerri,Imo,2023-11-16 11:06:16
663,Femi Onyeka,femi.onyeka663@example.com,08076182179,Onitsha,Anambra,2024-10-21 10:23:48
664,Adaeze Mohammed,adaeze.mohammed664@example.com,09034784887,Nnewi,Anambra,2025-02-03 11:31:35
665,Obinna Nwosu,obinna.nwosu665@example.com,09069244103,Owerri,Imo,2024-04-27 06:47:14
666,Ifeoma Eze,ifeoma.eze666@example.com,08107904057,Kano,Kano,2024-09-18 21:36:20
667,Obinna Onyeka,obinna.onyeka667@example.com,09033654237,Ikeja,Lagos,2025-04-18 21:27:55
668,Kemi Umeh,kemi.umeh668@example.com,08039956958,Ikeja,Lagos,2024-06-14 09:43:13
669,Halima Obi,halima.obi669@example.com,09062895856,Benin City,Edo,2025-07-23 06:43:21
670,Ebuka Mohammed,ebuka.mohammed670@example.com,09037656715,Abeokuta,Ogun,2024-04-01 09:52:41
671,Chukwudi Ojo,chukwudi.ojo671@example.com,09036186471,Port Harcourt,Rivers,2024-10-22 11:25:26
672,Oluchi Chukwu,oluchi.chukwu672@example.com,08167118031,Ikeja,Lagos,2024-10-27 05:22:22
673,Kemi Nwosu,kemi.nwosu673@example.com,09069055883,Abuja,FCT,2024-02-25 20:55:09
674,Ifeoma Umeh,ifeoma.umeh674@example.com,08031242309,Kano,Kano,2024-02-09 13:25:17
675,Ikenna Okeke,ikenna.okeke675@example.com,08109375669,Nnewi,Anambra,2025-01-21 21:47:49
676,Funke Anyanwu,funke.anyanwu676@example.com,08059269337,Awka,Anambra,2024-06-08 10:38:27
677,Halima Adeyemi,halima.adeyemi677@example.com,08139293728,Lagos,Lagos,2024-01-19 10:15:17
678,Nneka Balogun,nneka.balogun678@example.com,09034759575,Onitsha,Anambra,2025-03-18 00:13:06
679,Adaeze Onyeka,adaeze.onyeka679@example.com,09069718482,Awka,Anambra,2023-10-19 05:11:13
680,Ifeoma Eze,ifeoma.eze680@example.com,08057604069,Ibadan,Oyo,2024-01-22 12:04:06
681,Femi Okafor,femi.okafor681@example.com,08057733287,Enugu,Enugu,2024-04-10 19:25:49
682,Obinna Adeyemi,obinna.adeyemi682@example.com,08133311324,Enugu,Enugu,2025-04-13 04:49:40
683,Halima Bello,halima.bello683@example.com,09067937070,Nnewi,Anambra,2025-03-17 18:18:14
684,Musa Onyeka,musa.onyeka684@example.com,08058769290,Nnewi,Anambra,2025-08-22 02:17:02
685,Chioma Danjuma,chioma.danjuma685@example.com,08078452816,Abeokuta,Ogun,2024-11-29 00:54:12
686,Chinedu Onyeka,chinedu.onyeka686@example.com,08109363123,Abeokuta,Ogun,2024-08-12 07:48:32
687,Ibrahim Ibe,ibrahim.ibe687@example.com,08072091141,Awka,Anambra,2024-06-14 02:13:05
688,Tolu Balogun,tolu.balogun688@example.com,08163221940,Kaduna,Kaduna,2025-05-19 07:51:32
689,Blessing Anyanwu,blessing.anyanwu689@example.com,09039547433,Kaduna,Kaduna,2025-05-09 10:23:13
690,Tunde Adeyemi,tunde.adeyemi690@example.com,08031337373,Kaduna,Kaduna,2025-02-04 05:00:18
691,Damilola Danjuma,damilola.danjuma691@example.com,08074606998,Enugu,Enugu,2024-12-11 07:42:35
692,Chinedu Eze,chinedu.eze692@example.com,08037238937,Ikeja,Lagos,2025-03-12 06:39:48
693,Musa Sanni,musa.sanni693@example.com,09031694458,Enugu,Enugu,2024-08-30 15:57:00
694,Musa Adeyemi,musa.adeyemi694@example.com,08051207885,Awka,Anambra,2024-10-13 20:13:19
695,Oluchi Adeyemi,oluchi.adeyemi695@example.com,09032244700,Port Harcourt,Rivers,2023-12-04 09:27:41
696,Tolu Danjuma,tolu.danjuma696@example.com,08055104863,Awka,Anambra,2025-05-21 14:09:48
697,Chukwudi Danjuma,chukwudi.danjuma697@example.com,08053739972,Enugu,Enugu,2023-10-27 21:06:38
698,Funke Obi,funke.obi698@example.com,08135796381,Abuja,FCT,2025-08-04 18:34:24
699,Funke Eze,funke.eze699@example.com,08058627529,Awka,Anambra,2024-02-23 17:04:31
700,Adaeze Danjuma,adaeze.danjuma700@example.com,08132118511,Kaduna,Kaduna,2025-02-24 04:30:01
701,Femi Umeh,femi.umeh701@example.com,08162616834,Benin City,Edo,2024-02-14 18:35:43
702,Musa Ogunleye,musa.ogunleye702@example.com,08051716181,Nnewi,Anambra,2023-10-13 11:52:12
703,Halima Anyanwu,halima.anyanwu703@example.com,08053173876,Benin City,Edo,2024-02-22 18:12:10
704,Bisi Mohammed,bisi.mohammed704@example.com,08073787291,Ikeja,Lagos,2024-12-10 21:59:08
705,Musa Nwosu,musa.nwosu705@example.com,08076427320,Lagos,Lagos,2023-10-30 21:06:54
706,Halima Adeyemi,halima.adeyemi706@example.com,08136177864,Benin City,Edo,2023-12-15 17:48:05
707,Tolu Obi,tolu.obi707@example.com,08032729199,Kano,Kano,2025-01-19 13:39:51
708,Adaeze Ojo,adaeze.ojo708@example.com,08035679163,Ikeja,Lagos,2024-09-24 11:58:47
709,Femi Nnamdi,femi.nnamdi709@example.com,09038196966,Benin City,Edo,2025-02-24 09:33:01
710,Damilola Umeh,damilola.umeh710@example.com,08076845223,Kaduna,Kaduna,2025-06-13 13:41:35
711,Ikenna Chukwu,ikenna.chukwu711@example.com,08165622189,Kaduna,Kaduna,2024-04-30 05:01:45
712,Adaeze Anyanwu,adaeze.anyanwu712@example.com,08168492159,Ikeja,Lagos,2024-07-26 13:57:57
713,Oluchi Ade,oluchi.ade713@example.com,08168658106,Abeokuta,Ogun,2024-02-27 17:07:16
714,Chinedu Obi,chinedu.obi714@example.com,08139801012,Port Harcourt,Rivers,2025-01-24 05:17:15
715,Amaka Chukwu,amaka.chukwu715@example.com,08104551458,Kano,Kano,2024-12-22 21:01:52
716,Emeka Nnamdi,emeka.nnamdi716@example.com,08109956387,Asaba,Delta,2024-06-26 17:24:46
717,Aisha Anyanwu,aisha.anyanwu717@example.com,09067678218,Kaduna,Kaduna,2025-07-07 07:39:24
718,Ifeoma Nwosu,ifeoma.nwosu718@example.com,08102885531,Nnewi,Anambra,2025-04-20 20:31:06
719,Blessing Chukwu,blessing.chukwu719@example.com,08078844244,Awka,Anambra,2025-06-12 17:20:24
720,Amaka Adeyemi,amaka.adeyemi720@example.com,08075966557,Abuja,FCT,2024-01-21 20:16:48
721,Musa Lawal,musa.lawal721@example.com,09033008834,Kaduna,Kaduna,2024-12-11 15:45:31
722,Aisha Afolabi,aisha.afolabi722@example.com,09065924790,Onitsha,Anambra,2025-03-06 12:36:31
723,Blessing Okeke,blessing.okeke723@example.com,08073630766,Abeokuta,Ogun,2023-11-11 08:37:51
724,Chioma Ojo,chioma.ojo724@example.com,09034462793,Owerri,Imo,2024-03-04 08:06:43
725,Chinedu Nnamdi,chinedu.nnamdi725@example.com,09066205669,Enugu,Enugu,2025-06-25 01:31:41
726,Ibrahim Onyeka,ibrahim.onyeka726@example.com,08131465212,Nnewi,Anambra,2023-12-21 02:13:14
727,Aisha Ade,aisha.ade727@example.com,08164183208,Lagos,Lagos,2024-04-07 09:38:27
728,Ebuka Afolabi,ebuka.afolabi728@example.com,09062968015,Lagos,Lagos,2024-10-14 22:19:20
729,Damilola Ojo,damilola.ojo729@example.com,08054399358,Kano,Kano,2024-02-24 23:07:20
730,Nneka Nnamdi,nneka.nnamdi730@example.com,08132417085,Benin City,Edo,2024-12-23 23:53:32
731,Tunde Okafor,tunde.okafor731@example.com,08164666872,Asaba,Delta,2024-05-03 12:26:36
732,Segun Ibe,segun.ibe732@example.com,09033446384,Lagos,Lagos,2024-06-20 05:30:23
733,Musa Danjuma,musa.danjuma733@example.com,08056678813,Ikeja,Lagos,2024-10-07 23:21:39
734,Obinna Obi,obinna.obi734@example.com,08056682603,Owerri,Imo,2025-08-24 20:56:42
735,Yusuf Lawal,yusuf.lawal735@example.com,08138481780,Nnewi,Anambra,2025-05-15 14:56:16
736,Amaka Balogun,amaka.balogun736@example.com,08039881102,Abuja,FCT,2025-03-18 16:35:45
737,Musa Nnamdi,musa.nnamdi737@example.com,08035603246,Kano,Kano,2024-04-17 19:49:52
738,Nneka Anyanwu,nneka.anyanwu738@example.com,08079624105,Port Harcourt,Rivers,2024-05-06 20:11:10
739,Ebuka Nwosu,ebuka.nwosu739@example.com,08166866734,Nnewi,Anambra,2024-05-02 14:53:37
740,Halima Obi,halima.obi740@example.com,08165112365,Enugu,Enugu,2023-12-02 04:59:52
741,Obinna Afolabi,obinna.afolabi741@example.com,08109628729,Ikeja,Lagos,2025-05-02 00:08:34
742,Zainab Igwe,zainab.igwe742@example.com,08058927460,Abuja,FCT,2023-12-06 13:25:53
743,Ibrahim Anyanwu,ibrahim.anyanwu743@example.com,09031267191,Nnewi,Anambra,2025-03-04 10:06:30
744,Ifeoma Mohammed,ifeoma.mohammed744@example.com,08135432914,Kano,Kano,2025-04-10 18:12:39
745,Tunde Ibe,tunde.ibe745@example.com,08051985907,Ikeja,Lagos,2024-03-01 10:37:33
746,Segun Nnamdi,segun.nnamdi746@example.com,09062791114,Kano,Kano,2025-07-14 05:06:47
747,Damilola Ibe,damilola.ibe747@example.com,08166207567,Owerri,Imo,2024-10-15 03:09:18
748,Chioma Ade,chioma.ade748@example.com,08135978309,Abeokuta,Ogun,2024-11-17 02:23:08
749,Tolu Ade,tolu.ade749@example.com,09033860305,Abuja,FCT,2024-06-28 12:54:01
750,Adaeze Nnamdi,adaeze.nnamdi750@example.com,08032908478,Port Harcourt,Rivers,2024-02-24 01:49:24
751,Zainab Igwe,zainab.igwe751@example.com,08071502620,Port Harcourt,Rivers,2024-12-16 20:47:11
752,Chukwudi Anyanwu,chukwudi.anyanwu752@example.com,08108747074,Abeokuta,Ogun,2025-07-02 22:04:43
753,Chukwudi Nwosu,chukwudi.nwosu753@example.com,08163559433,Awka,Anambra,2024-08-06 02:50:21
754,Oluchi Adeyemi,oluchi.adeyemi754@example.com,09062615180,Asaba,Delta,2025-01-10 21:07:36
755,Ibrahim Ogunleye,ibrahim.ogunleye755@example.com,08078661295,Nnewi,Anambra,2025-05-29 09:38:20
756,Tunde Ade,tunde.ade756@example.com,09032634399,Lagos,Lagos,2024-08-25 03:39:20
757,Yusuf Igwe,yusuf.igwe757@example.com,08073985195,Abuja,FCT,2023-11-04 23:30:50
758,Chinedu Ibe,chinedu.ibe758@example.com,08107424794,Enugu,Enugu,2024-05-25 23:21:31
759,Yusuf Bello,yusuf.bello759@example.com,08037398404,Kano,Kano,2025-01-11 13:45:06
760,Blessing Igwe,blessing.igwe760@example.com,08134073274,Onitsha,Anambra,2025-04-21 02:03:32
761,Kemi Ojo,kemi.ojo761@example.com,08165309171,Abeokuta,Ogun,2024-02-16 06:56:53
762,Ifeoma Ade,ifeoma.ade762@example.com,08057100642,Lagos,Lagos,2024-08-27 19:17:43
763,Chukwudi Afolabi,chukwudi.afolabi763@example.com,08058321279,Ibadan,Oyo,2024-04-24 19:38:56
764,Nneka Chukwu,nneka.chukwu764@example.com,09035261729,Kaduna,Kaduna,2024-01-26 21:57:56
765,Ebuka Abubakar,ebuka.abubakar765@example.com,08169727475,Port Harcourt,Rivers,2024-10-08 07:06:44
766,Zainab Abubakar,zainab.abubakar766@example.com,08102391389,Kaduna,Kaduna,2024-09-21 16:17:45
767,Femi Ogunleye,femi.ogunleye767@example.com,09037381339,Nnewi,Anambra,2025-05-27 09:45:09
768,Tolu Nwosu,tolu.nwosu768@example.com,09031940835,Abeokuta,Ogun,2024-05-12 21:15:48
769,Amaka Afolabi,amaka.afolabi769@example.com,08137692874,Owerri,Imo,2025-06-22 22:57:08
770,Halima Eze,halima.eze770@example.com,08055791345,Ikeja,Lagos,2025-04-25 01:04:39
771,Blessing Umeh,blessing.umeh771@example.com,08059964497,Kano,Kano,2025-08-11 19:14:54
772,Zainab Mohammed,zainab.mohammed772@example.com,08138743837,Nnewi,Anambra,2025-08-21 11:57:09
773,Ikenna Abubakar,ikenna.abubakar773@example.com,08136004184,Kaduna,Kaduna,2024-05-31 15:37:05
774,Segun Balogun,segun.balogun774@example.com,08168708096,Abeokuta,Ogun,2025-03-10 23:06:57
775,Chioma Anyanwu,chioma.anyanwu775@example.com,08059239240,Ibadan,Oyo,2025-04-09 06:28:35
776,Funke Onyeka,funke.onyeka776@example.com,08136986186,Awka,Anambra,2023-10-12 13:25:05
777,Blessing Mohammed,blessing.mohammed777@example.com,08075942629,Awka,Anambra,2024-05-14 15:29:27
778,Blessing Onyeka,blessing.onyeka778@example.com,08057626330,Ikeja,Lagos,2023-10-18 16:20:41
779,Femi Okeke,femi.okeke779@example.com,08167934407,Enugu,Enugu,2024-08-30 06:44:49
780,Chinedu Nnamdi,chinedu.nnamdi780@example.com,08134041202,Port Harcourt,Rivers,2023-10-24 08:03:37
781,Kelechi Ogunleye,kelechi.ogunleye781@example.com,08166108750,Ikeja,Lagos,2024-12-12 02:27:49
782,Zainab Obi,zainab.obi782@example.com,08051649788,Nnewi,Anambra,2023-12-06 02:11:24
783,Chioma Danjuma,chioma.danjuma783@example.com,08055358536,Kano,Kano,2024-09-17 22:15:14
784,Ebuka Ojo,ebuka.ojo784@example.com,08164102257,Port Harcourt,Rivers,2023-11-10 10:03:51
785,Zainab Abubakar,zainab.abubakar785@example.com,08135849229,Abuja,FCT,2024-05-21 22:47:03
786,Yusuf Nnamdi,yusuf.nnamdi786@example.com,09069082862,Abuja,FCT,2024-10-31 13:11:35
787,Obinna Obi,obinna.obi787@example.com,08108073603,Enugu,Enugu,2025-06-02 21:03:10
788,Amaka Balogun,amaka.balogun788@example.com,09061067792,Kaduna,Kaduna,2024-12-20 08:39:33
789,Tunde Eze,tunde.eze789@example.com,08135677755,Awka,Anambra,2025-04-16 19:19:44
790,Obinna Afolabi,obinna.afolabi790@example.com,08168725996,Asaba,Delta,2024-01-09 12:28:18
791,Adaeze Okeke,adaeze.okeke791@example.com,08076653750,Abuja,FCT,2024-11-04 17:29:15
792,Chioma Adeyemi,chioma.adeyemi792@example.com,08073947701,Kano,Kano,2024-07-04 02:19:38
793,Musa Danjuma,musa.danjuma793@example.com,08071941504,Owerri,Imo,2024-01-21 23:21:17
794,Femi Balogun,femi.balogun794@example.com,08131858171,Kaduna,Kaduna,2024-06-21 05:00:46
795,Yusuf Balogun,yusuf.balogun795@example.com,08073287828,Port Harcourt,Rivers,2024-02-09 08:06:22
796,Chukwudi Ade,chukwudi.ade796@example.com,08137474380,Kaduna,Kaduna,2024-01-15 11:03:22
797,Bisi Afolabi,bisi.afolabi797@example.com,09035355614,Abeokuta,Ogun,2024-01-22 20:53:09
798,Kemi Umeh,kemi.umeh798@example.com,09031547303,Awka,Anambra,2024-10-30 23:18:42
799,Tolu Ogunleye,tolu.ogunleye799@example.com,09064072072,Asaba,Delta,2023-10-09 06:59:22
800,Musa Ogunleye,musa.ogunleye800@example.com,08105643767,Abeokuta,Ogun,2023-11-23 15:33:21
801,Oluchi Ade,oluchi.ade801@example.com,08132412972,Port Harcourt,Rivers,2024-08-22 05:40:01
802,Ibrahim Obi,ibrahim.obi802@example.com,08101682629,Kaduna,Kaduna,2025-05-23 09:56:06
803,Chioma Onyeka,chioma.onyeka803@example.com,09032361714,Enugu,Enugu,2024-06-24 02:32:40
804,Emeka Onyeka,emeka.onyeka804@example.com,08051229395,Benin City,Edo,2024-04-10 16:09:32
805,Amaka Mohammed,amaka.mohammed805@example.com,08053988787,Owerri,Imo,2025-04-22 09:39:35
806,Halima Adeyemi,halima.adeyemi806@example.com,08134912475,Kaduna,Kaduna,2023-12-25 02:37:41
807,Tolu Okeke,tolu.okeke807@example.com,09037777938,Enugu,Enugu,2025-03-13 08:45:58
808,Ikenna Ojo,ikenna.ojo808@example.com,08075448303,Benin City,Edo,2025-05-14 23:21:34
809,Musa Onyeka,musa.onyeka809@example.com,08107205990,Abeokuta,Ogun,2024-06-27 12:27:58
810,Yusuf Danjuma,yusuf.danjuma810@example.com,08032570866,Awka,Anambra,2025-04-23 17:49:05
811,Adaeze Okeke,adaeze.okeke811@example.com,08107529365,Kaduna,Kaduna,2024-05-23 18:21:37
812,Funke Onyeka,funke.onyeka812@example.com,08102769758,Onitsha,Anambra,2025-06-29 04:53:49
813,Kelechi Obi,kelechi.obi813@example.com,08032152036,Onitsha,Anambra,2024-03-05 03:30:42
814,Tolu Okeke,tolu.okeke814@example.com,08073141544,Asaba,Delta,2024-08-23 05:24:32
815,Segun Lawal,segun.lawal815@example.com,08076202517,Asaba,Delta,2023-11-23 22:53:10
816,Zainab Chukwu,zainab.chukwu816@example.com,08079233982,Ibadan,Oyo,2024-01-11 07:30:38
817,Emeka Ogunleye,emeka.ogunleye817@example.com,08169300119,Onitsha,Anambra,2024-01-20 03:33:58
818,Kelechi Onyeka,kelechi.onyeka818@example.com,08108301283,Onitsha,Anambra,2023-11-17 09:42:39
819,Uche Chukwu,uche.chukwu819@example.com,08053836687,Benin City,Edo,2024-08-19 23:03:35
820,Tolu Chukwu,tolu.chukwu820@example.com,09063003002,Kaduna,Kaduna,2025-05-14 19:33:33
821,Halima Onyeka,halima.onyeka821@example.com,09038518888,Owerri,Imo,2023-12-03 08:08:15
822,Damilola Anyanwu,damilola.anyanwu822@example.com,08053399836,Abuja,FCT,2024-11-28 01:10:24
823,Ngozi Ojo,ngozi.ojo823@example.com,08079540410,Port Harcourt,Rivers,2025-01-05 02:10:58
824,Kemi Igwe,kemi.igwe824@example.com,08053954249,Port Harcourt,Rivers,2025-07-02 15:02:54
825,Nneka Nwosu,nneka.nwosu825@example.com,08036396044,Abeokuta,Ogun,2024-03-26 06:43:26
826,Ikenna Onyeka,ikenna.onyeka826@example.com,08059462280,Kaduna,Kaduna,2024-07-02 05:57:22
827,Kemi Obi,kemi.obi827@example.com,08104468917,Kaduna,Kaduna,2024-12-03 20:29:35
828,Kelechi Abubakar,kelechi.abubakar828@example.com,08161344810,Nnewi,Anambra,2025-07-18 08:11:00
829,Funke Ojo,funke.ojo829@example.com,08166300623,Owerri,Imo,2024-10-01 22:41:40
830,Tunde Lawal,tunde.lawal830@example.com,08057340147,Owerri,Imo,2024-07-09 00:53:42
831,Chukwudi Balogun,chukwudi.balogun831@example.com,08167653010,Ikeja,Lagos,2025-05-04 06:01:01
832,Amaka Igwe,amaka.igwe832@example.com,09032127088,Ibadan,Oyo,2023-11-26 05:10:53
833,Musa Ogunleye,musa.ogunleye833@example.com,08107074153,Nnewi,Anambra,2024-05-21 01:00:45
834,Nneka Umeh,nneka.umeh834@example.com,09067376196,Onitsha,Anambra,2025-05-22 20:17:34
835,Emeka Balogun,emeka.balogun835@example.com,08074161255,Lagos,Lagos,2024-06-29 01:04:39
836,Kelechi Okafor,kelechi.okafor836@example.com,08033546024,Asaba,Delta,2025-03-08 01:31:23
837,Kemi Ade,kemi.ade837@example.com,08105644743,Asaba,Delta,2025-06-06 00:43:23
838,Kemi Ogunleye,kemi.ogunleye838@example.com,09065653038,Kano,Kano,2025-03-04 13:56:48
839,Halima Umeh,halima.umeh839@example.com,08079712719,Kano,Kano,2025-07-21 07:15:10
840,Tunde Nwosu,tunde.nwosu840@example.com,09061831342,Asaba,Delta,2023-12-27 00:04:49
841,Ebuka Umeh,ebuka.umeh841@example.com,08054433816,Benin City,Edo,2025-01-02 09:43:17
842,Amaka Danjuma,amaka.danjuma842@example.com,09037470236,Ibadan,Oyo,2025-07-26 07:51:49
843,Oluchi Onyeka,oluchi.onyeka843@example.com,08101461471,Enugu,Enugu,2025-02-27 05:55:09
844,Chukwudi Ade,chukwudi.ade844@example.com,08139415304,Asaba,Delta,2024-05-01 05:26:04
845,Chioma Abubakar,chioma.abubakar845@example.com,08058996301,Enugu,Enugu,2023-10-31 19:28:56
846,Adaeze Balogun,adaeze.balogun846@example.com,08054874464,Abuja,FCT,2024-03-17 20:45:58
847,Chinedu Abubakar,chinedu.abubakar847@example.com,08051505996,Kaduna,Kaduna,2024-06-10 05:56:09
848,Tunde Umeh,tunde.umeh848@example.com,08136526986,Nnewi,Anambra,2024-10-16 23:33:53
849,Chukwudi Okeke,chukwudi.okeke849@example.com,08134103027,Lagos,Lagos,2024-05-25 03:57:00
850,Ebuka Nnamdi,ebuka.nnamdi850@example.com,08031165961,Onitsha,Anambra,2025-04-25 04:27:50
851,Bisi Nwosu,bisi.nwosu851@example.com,08102254235,Abuja,FCT,2025-08-12 07:34:30
852,Uche Ojo,uche.ojo852@example.com,08164945432,Abuja,FCT,2024-03-09 05:50:22
853,Nneka Ojo,nneka.ojo853@example.com,08078344779,Nnewi,Anambra,2023-11-12 00:38:23
854,Femi Ade,femi.ade854@example.com,08071556905,Kaduna,Kaduna,2025-01-29 03:56:08
855,Funke Anyanwu,funke.anyanwu855@example.com,08133193919,Benin City,Edo,2025-05-17 12:46:57
856,Ibrahim Nwosu,ibrahim.nwosu856@example.com,08036900480,Awka,Anambra,2024-06-12 09:44:50
857,Ikenna Ibe,ikenna.ibe857@example.com,09065800950,Kaduna,Kaduna,2024-06-14 21:30:20
858,Segun Onyeka,segun.onyeka858@example.com,09064328358,Abuja,FCT,2025-01-21 13:23:08
859,Yusuf Anyanwu,yusuf.anyanwu859@example.com,08137199383,Kaduna,Kaduna,2025-06-11 19:18:44
860,Ibrahim Balogun,ibrahim.balogun860@example.com,08057928596,Nnewi,Anambra,2024-10-24 09:31:18
861,Amaka Nnamdi,amaka.nnamdi861@example.com,08103530229,Port Harcourt,Rivers,2023-12-25 20:52:53
862,Nneka Balogun,nneka.balogun862@example.com,08072764179,Ikeja,Lagos,2024-12-08 20:05:06
863,Zainab Okafor,zainab.okafor863@example.com,09063422948,Asaba,Delta,2024-01-14 23:03:37
864,Damilola Danjuma,damilola.danjuma864@example.com,08058431490,Awka,Anambra,2024-09-11 11:06:58
865,Chukwudi Ibe,chukwudi.ibe865@example.com,08137691872,Nnewi,Anambra,2025-06-10 07:25:25
866,Oluchi Bello,oluchi.bello866@example.com,08075443889,Lagos,Lagos,2024-09-14 16:47:02
867,Tolu Nwosu,tolu.nwosu867@example.com,08165966777,Nnewi,Anambra,2023-11-10 15:01:51
868,Femi Ojo,femi.ojo868@example.com,08162181886,Kano,Kano,2023-10-25 13:43:43
869,Funke Sanni,funke.sanni869@example.com,08107518342,Nnewi,Anambra,2025-04-04 09:08:07
870,Halima Lawal,halima.lawal870@example.com,08107154838,Owerri,Imo,2024-03-31 04:52:40
871,Damilola Balogun,damilola.balogun871@example.com,08135894753,Lagos,Lagos,2024-02-04 10:49:42
872,Nneka Bello,nneka.bello872@example.com,08139836219,Abeokuta,Ogun,2025-03-07 06:08:43
873,Ngozi Okafor,ngozi.okafor873@example.com,08108630450,Enugu,Enugu,2025-08-04 17:10:23
874,Yusuf Chukwu,yusuf.chukwu874@example.com,08136889337,Awka,Anambra,2024-07-01 05:48:40
875,Aisha Anyanwu,aisha.anyanwu875@example.com,08055444066,Asaba,Delta,2024-08-16 03:49:20
876,Tunde Danjuma,tunde.danjuma876@example.com,09036666963,Kano,Kano,2025-08-17 19:19:13
877,Bisi Anyanwu,bisi.anyanwu877@example.com,09065918435,Owerri,Imo,2023-12-09 13:54:34
878,Musa Ogunleye,musa.ogunleye878@example.com,08166010786,Abeokuta,Ogun,2024-07-02 11:01:12
879,Ibrahim Nwosu,ibrahim.nwosu879@example.com,08134589871,Lagos,Lagos,2025-07-22 08:15:26
880,Obinna Obi,obinna.obi880@example.com,08131269024,Abuja,FCT,2024-06-13 12:45:18
881,Chinedu Onyeka,chinedu.onyeka881@example.com,08165770098,Kano,Kano,2024-02-11 10:41:07
882,Femi Okeke,femi.okeke882@example.com,08135803431,Ibadan,Oyo,2025-04-02 22:05:02
883,Funke Lawal,funke.lawal883@example.com,08134118510,Ibadan,Oyo,2024-05-10 22:59:17
884,Emeka Sanni,emeka.sanni884@example.com,08165803799,Benin City,Edo,2025-04-15 18:57:59
885,Kemi Ibe,kemi.ibe885@example.com,08167125427,Awka,Anambra,2024-09-05 02:31:45
886,Ikenna Bello,ikenna.bello886@example.com,08076217176,Kano,Kano,2025-06-15 21:34:36
887,Emeka Okafor,emeka.okafor887@example.com,09031018776,Ikeja,Lagos,2024-12-13 19:02:38
888,Emeka Nnamdi,emeka.nnamdi888@example.com,08135672636,Kano,Kano,2023-10-11 10:39:54
889,Segun Eze,segun.eze889@example.com,08072551379,Lagos,Lagos,2024-02-15 07:24:45
890,Amaka Mohammed,amaka.mohammed890@example.com,09036544812,Owerri,Imo,2023-12-24 00:58:53
891,Ifeoma Afolabi,ifeoma.afolabi891@example.com,09037762866,Benin City,Edo,2025-08-01 03:17:46
892,Chukwudi Sanni,chukwudi.sanni892@example.com,09068574019,Kaduna,Kaduna,2024-04-03 06:35:30
893,Tolu Ibe,tolu.ibe893@example.com,08136800404,Ikeja,Lagos,2024-11-13 15:30:06
894,Nneka Onyeka,nneka.onyeka894@example.com,08133165797,Nnewi,Anambra,2024-02-03 18:54:45
895,Tunde Obi,tunde.obi895@example.com,08132898021,Ikeja,Lagos,2024-12-21 21:40:45
896,Ikenna Eze,ikenna.eze896@example.com,09065765354,Ibadan,Oyo,2024-11-05 15:43:10
897,Kemi Adeyemi,kemi.adeyemi897@example.com,09033511087,Owerri,Imo,2023-11-14 05:45:35
898,Zainab Adeyemi,zainab.adeyemi898@example.com,08051581814,Ibadan,Oyo,2024-02-03 06:16:39
899,Uche Afolabi,uche.afolabi899@example.com,08053887938,Ikeja,Lagos,2023-11-18 19:13:35
900,Ngozi Abubakar,ngozi.abubakar900@example.com,08054201457,Owerri,Imo,2025-04-10 06:23:34
901,Halima Bello,halima.bello901@example.com,08133791882,Nnewi,Anambra,2025-02-10 04:03:32
902,Ebuka Lawal,ebuka.lawal902@example.com,08102643044,Abeokuta,Ogun,2024-02-25 12:27:32
903,Yusuf Ogunleye,yusuf.ogunleye903@example.com,09063507189,Nnewi,Anambra,2024-05-28 16:36:44
904,Ngozi Sanni,ngozi.sanni904@example.com,08078140291,Owerri,Imo,2024-01-21 16:35:16
905,Kemi Chukwu,kemi.chukwu905@example.com,08135266098,Owerri,Imo,2024-05-09 22:28:30
906,Amaka Sanni,amaka.sanni906@example.com,08056262510,Ibadan,Oyo,2025-08-25 12:21:14
907,Tolu Adeyemi,tolu.adeyemi907@example.com,09068226833,Abuja,FCT,2025-03-17 07:21:21
908,Ebuka Mohammed,ebuka.mohammed908@example.com,08137306364,Lagos,Lagos,2025-03-23 16:06:15
909,Chinedu Abubakar,chinedu.abubakar909@example.com,08168223814,Kaduna,Kaduna,2024-08-07 03:41:21
910,Damilola Afolabi,damilola.afolabi910@example.com,08167127056,Nnewi,Anambra,2023-11-23 01:02:08
911,Kemi Ojo,kemi.ojo911@example.com,08161215677,Nnewi,Anambra,2024-10-02 16:26:45
912,Musa Nwosu,musa.nwosu912@example.com,08106304088,Ibadan,Oyo,2024-01-29 11:12:16
913,Amaka Nwosu,amaka.nwosu913@example.com,08054296195,Kano,Kano,2024-08-03 10:19:45
914,Nneka Nnamdi,nneka.nnamdi914@example.com,08073494590,Port Harcourt,Rivers,2025-06-22 07:03:16
915,Obinna Ojo,obinna.ojo915@example.com,08139877121,Kano,Kano,2024-10-29 08:31:27
916,Tolu Anyanwu,tolu.anyanwu916@example.com,08051494711,Port Harcourt,Rivers,2025-08-18 15:04:36
917,Bisi Lawal,bisi.lawal917@example.com,08031781554,Owerri,Imo,2025-02-26 11:25:47
918,Emeka Eze,emeka.eze918@example.com,08079229109,Port Harcourt,Rivers,2023-10-03 22:54:40
919,Halima Obi,halima.obi919@example.com,08052336294,Ibadan,Oyo,2024-02-24 03:16:33
920,Ibrahim Ade,ibrahim.ade920@example.com,08037484208,Port Harcourt,Rivers,2025-04-21 17:52:01
921,Ngozi Ibe,ngozi.ibe921@example.com,08135726167,Onitsha,Anambra,2024-06-11 01:01:26
922,Obinna Mohammed,obinna.mohammed922@example.com,08076895640,Enugu,Enugu,2023-12-22 01:18:28
923,Uche Okeke,uche.okeke923@example.com,08165577529,Abeokuta,Ogun,2025-08-24 03:23:41
924,Ebuka Ibe,ebuka.ibe924@example.com,09031478580,Abeokuta,Ogun,2024-06-21 23:10:29
925,Ifeoma Okeke,ifeoma.okeke925@example.com,09036769546,Abuja,FCT,2024-09-09 12:32:57
926,Yusuf Igwe,yusuf.igwe926@example.com,08103893660,Abeokuta,Ogun,2024-05-07 02:09:33
927,Yusuf Balogun,yusuf.balogun927@example.com,08055126943,Ibadan,Oyo,2024-04-03 00:01:48
928,Yusuf Balogun,yusuf.balogun928@example.com,08039785474,Abuja,FCT,2025-02-18 22:01:55
929,Yusuf Chukwu,yusuf.chukwu929@example.com,08168236793,Abeokuta,Ogun,2025-08-30 17:39:05
930,Bisi Okeke,bisi.okeke930@example.com,09031566313,Kano,Kano,2025-06-05 07:41:49
931,Chinedu Nnamdi,chinedu.nnamdi931@example.com,09061099655,Ibadan,Oyo,2025-07-03 01:11:21
932,Ikenna Ojo,ikenna.ojo932@example.com,08071288385,Ibadan,Oyo,2025-01-04 12:40:08
933,Ngozi Balogun,ngozi.balogun933@example.com,08107144906,Asaba,Delta,2023-11-07 00:36:00
934,Ebuka Ibe,ebuka.ibe934@example.com,09068482257,Abeokuta,Ogun,2025-02-23 07:46:49
935,Aisha Nwosu,aisha.nwosu935@example.com,08167888948,Enugu,Enugu,2025-03-31 12:05:54
936,Chinedu Adeyemi,chinedu.adeyemi936@example.com,09032930326,Benin City,Edo,2024-06-23 01:10:07
937,Tolu Eze,tolu.eze937@example.com,09065623662,Benin City,Edo,2024-01-04 00:12:00
938,Femi Lawal,femi.lawal938@example.com,08164336006,Lagos,Lagos,2024-05-04 15:21:20
939,Segun Chukwu,segun.chukwu939@example.com,08104796702,Awka,Anambra,2024-08-01 00:03:09
940,Uche Ibe,uche.ibe940@example.com,08054526504,Enugu,Enugu,2025-07-04 23:06:38
941,Yusuf Bello,yusuf.bello941@example.com,08168059726,Asaba,Delta,2023-12-15 21:04:37
942,Tolu Nnamdi,tolu.nnamdi942@example.com,08037731518,Kaduna,Kaduna,2023-10-05 22:11:12
943,Ebuka Nwosu,ebuka.nwosu943@example.com,09036801069,Kano,Kano,2024-04-26 19:50:37
944,Bisi Mohammed,bisi.mohammed944@example.com,08137706715,Enugu,Enugu,2025-06-14 11:40:48
945,Uche Igwe,uche.igwe945@example.com,08109010311,Kaduna,Kaduna,2025-03-21 06:04:13
946,Ibrahim Anyanwu,ibrahim.anyanwu946@example.com,08077410514,Ibadan,Oyo,2024-07-17 10:41:57
947,Femi Sanni,femi.sanni947@example.com,09066229657,Asaba,Delta,2024-05-28 14:47:37
948,Damilola Afolabi,damilola.afolabi948@example.com,08167223655,Awka,Anambra,2024-12-28 11:13:05
949,Blessing Lawal,blessing.lawal949@example.com,08164970070,Kano,Kano,2025-02-28 06:10:16
950,Chukwudi Umeh,chukwudi.umeh950@example.com,08136317262,Asaba,Delta,2024-06-16 06:20:53
951,Chukwudi Danjuma,chukwudi.danjuma951@example.com,09065756114,Abuja,FCT,2024-08-31 04:26:13
952,Adaeze Nwosu,adaeze.nwosu952@example.com,08076610909,Awka,Anambra,2025-06-10 21:50:34
953,Bisi Abubakar,bisi.abubakar953@example.com,09067160718,Abuja,FCT,2024-01-05 11:48:42
954,Chioma Balogun,chioma.balogun954@example.com,08035653735,Owerri,Imo,2024-02-11 18:10:05
955,Bisi Okeke,bisi.okeke955@example.com,08134102705,Lagos,Lagos,2024-11-22 05:52:56
956,Kelechi Igwe,kelechi.igwe956@example.com,09034274541,Kano,Kano,2025-07-17 19:15:24
957,Ebuka Nwosu,ebuka.nwosu957@example.com,08036796822,Awka,Anambra,2024-12-21 09:26:29
958,Kelechi Nnamdi,kelechi.nnamdi958@example.com,09061546112,Kano,Kano,2024-07-12 16:31:55
959,Damilola Ibe,damilola.ibe959@example.com,08135025876,Enugu,Enugu,2024-02-01 10:03:00
960,Femi Chukwu,femi.chukwu960@example.com,08071290127,Abeokuta,Ogun,2024-11-27 21:03:20
961,Ifeoma Eze,ifeoma.eze961@example.com,08107306150,Kaduna,Kaduna,2024-07-21 14:09:36
962,Funke Lawal,funke.lawal962@example.com,08132289352,Enugu,Enugu,2024-05-02 03:03:41
963,Halima Abubakar,halima.abubakar963@example.com,08131380178,Lagos,Lagos,2025-07-05 20:54:48
964,Bisi Ogunleye,bisi.ogunleye964@example.com,08076276871,Abeokuta,Ogun,2025-05-01 21:02:37
965,Obinna Umeh,obinna.umeh965@example.com,08054635597,Onitsha,Anambra,2023-11-01 22:36:37
966,Emeka Abubakar,emeka.abubakar966@example.com,08134579270,Onitsha,Anambra,2024-08-11 08:37:44
967,Aisha Ibe,aisha.ibe967@example.com,08032455769,Ikeja,Lagos,2024-01-11 17:28:54
968,Adaeze Okeke,adaeze.okeke968@example.com,08163210727,Kaduna,Kaduna,2024-01-16 09:16:53
969,Damilola Ojo,damilola.ojo969@example.com,09064946293,Lagos,Lagos,2025-06-03 11:40:15
970,Kemi Adeyemi,kemi.adeyemi970@example.com,09069051124,Kano,Kano,2024-09-08 09:37:15
971,Aisha Eze,aisha.eze971@example.com,08105465046,Onitsha,Anambra,2024-12-18 18:48:17
972,Halima Obi,halima.obi972@example.com,08036947855,Asaba,Delta,2024-04-08 11:32:51
973,Zainab Eze,zainab.eze973@example.com,08039775589,Port Harcourt,Rivers,2024-06-20 02:44:00
974,Zainab Umeh,zainab.umeh974@example.com,08165657738,Awka,Anambra,2024-04-27 13:24:56
975,Bisi Okafor,bisi.okafor975@example.com,08133415182,Port Harcourt,Rivers,2025-06-04 06:46:07
976,Kelechi Abubakar,kelechi.abubakar976@example.com,08034051781,Abeokuta,Ogun,2024-08-03 03:30:02
977,Ngozi Adeyemi,ngozi.adeyemi977@example.com,08036998656,Benin City,Edo,2024-05-19 10:55:09
978,Zainab Ojo,zainab.ojo978@example.com,09064283168,Nnewi,Anambra,2025-05-18 01:06:19
979,Funke Onyeka,funke.onyeka979@example.com,08055496014,Owerri,Imo,2024-02-03 05:14:16
980,Ibrahim Abubakar,ibrahim.abubakar980@example.com,08139660704,Lagos,Lagos,2025-07-08 05:33:57
981,Amaka Anyanwu,amaka.anyanwu981@example.com,08162064010,Abeokuta,Ogun,2024-10-30 13:11:28
982,Emeka Okafor,emeka.okafor982@example.com,08161724090,Abuja,FCT,2024-06-14 09:21:34
983,Yusuf Obi,yusuf.obi983@example.com,09065145242,Benin City,Edo,2025-02-17 04:38:43
984,Emeka Bello,emeka.bello984@example.com,09037468395,Ikeja,Lagos,2025-02-08 02:09:11
985,Zainab Ojo,zainab.ojo985@example.com,08031298151,Owerri,Imo,2024-07-30 11:19:23
986,Yusuf Sanni,yusuf.sanni986@example.com,08103760341,Asaba,Delta,2025-07-19 07:15:50
987,Halima Okeke,halima.okeke987@example.com,08105351487,Enugu,Enugu,2024-04-02 00:45:57
988,Kelechi Okeke,kelechi.okeke988@example.com,08052858500,Abuja,FCT,2025-01-29 00:11:40
989,Ifeoma Abubakar,ifeoma.abubakar989@example.com,08052926793,Enugu,Enugu,2024-07-07 19:27:40
990,Tunde Adeyemi,tunde.adeyemi990@example.com,09037134198,Owerri,Imo,2024-08-19 05:46:07
991,Kelechi Bello,kelechi.bello991@example.com,08056556860,Lagos,Lagos,2024-05-19 14:10:30
992,Kelechi Adeyemi,kelechi.adeyemi992@example.com,08164486833,Benin City,Edo,2024-09-09 16:39:49
993,Kelechi Adeyemi,kelechi.adeyemi993@example.com,08109137402,Owerri,Imo,2024-05-24 08:20:37
994,Ikenna Ade,ikenna.ade994@example.com,09036686634,Kaduna,Kaduna,2025-05-13 20:10:36
995,Yusuf Adeyemi,yusuf.adeyemi995@example.com,08073535721,Abeokuta,Ogun,2024-07-22 10:32:50
996,Emeka Afolabi,emeka.afolabi996@example.com,08135235137,Owerri,Imo,2025-04-26 19:59:13
997,Chukwudi Okeke,chukwudi.okeke997@example.com,08038000059,Lagos,Lagos,2025-02-15 19:19:28
998,Tolu Chukwu,tolu.chukwu998@example.com,08135510643,Ibadan,Oyo,2024-08-22 10:14:18
999,Emeka Ojo,emeka.ojo999@example.com,08052853269,Ibadan,Oyo,2025-01-03 12:18:24
1000,Ifeoma Ade,ifeoma.ade1000@example.com,08169963603,Port Harcourt,Rivers,2024-09-28 02:47:20
1001,Femi Umeh,femi.umeh1001@example.com,08136056161,Kaduna,Kaduna,2023-12-21 20:56:13
1002,Segun Anyanwu,segun.anyanwu1002@example.com,09065950998,Ibadan,Oyo,2024-06-01 08:24:25
1003,Ngozi Bello,ngozi.bello1003@example.com,08078735556,Asaba,Delta,2024-01-26 08:53:39
1004,Tunde Afolabi,tunde.afolabi1004@example.com,08136042746,Ikeja,Lagos,2025-02-12 00:45:45
1005,Musa Nwosu,musa.nwosu1005@example.com,09031335686,Asaba,Delta,2024-12-30 05:25:57
1006,Bisi Bello,bisi.bello1006@example.com,09065259060,Abuja,FCT,2024-04-17 07:31:04
1007,Ibrahim Nwosu,ibrahim.nwosu1007@example.com,08037073329,Lagos,Lagos,2025-08-19 15:38:14
1008,Segun Ogunleye,segun.ogunleye1008@example.com,08039023506,Awka,Anambra,2024-05-02 05:12:06
1009,Kelechi Sanni,kelechi.sanni1009@example.com,09069413564,Owerri,Imo,2025-03-20 04:09:28
1010,Femi Umeh,femi.umeh1010@example.com,08059054362,Port Harcourt,Rivers,2023-11-01 12:58:34
1011,Funke Nwosu,funke.nwosu1011@example.com,08032882563,Awka,Anambra,2025-05-02 00:19:27
1012,Aisha Afolabi,aisha.afolabi1012@example.com,09063147527,Onitsha,Anambra,2024-08-15 21:16:27
1013,Damilola Nwosu,damilola.nwosu1013@example.com,08109412128,Port Harcourt,Rivers,2024-04-10 22:09:14
1014,Blessing Ade,blessing.ade1014@example.com,09066743752,Abuja,FCT,2025-06-26 22:12:33
1015,Chukwudi Ogunleye,chukwudi.ogunleye1015@example.com,09068148328,Port Harcourt,Rivers,2024-01-27 00:24:32
1016,Ikenna Onyeka,ikenna.onyeka1016@example.com,08135835452,Benin City,Edo,2024-05-22 16:06:41
1017,Amaka Ojo,amaka.ojo1017@example.com,09062315834,Abuja,FCT,2024-12-24 00:02:36
1018,Chioma Nwosu,chioma.nwosu1018@example.com,08131430606,Lagos,Lagos,2024-08-19 16:08:51
1019,Yusuf Danjuma,yusuf.danjuma1019@example.com,08054124228,Ikeja,Lagos,2025-08-24 08:41:29
1020,Kemi Lawal,kemi.lawal1020@example.com,08059669968,Lagos,Lagos,2024-10-12 18:37:00
1021,Obinna Danjuma,obinna.danjuma1021@example.com,08138452527,Nnewi,Anambra,2024-04-19 12:52:33
1022,Nneka Lawal,nneka.lawal1022@example.com,08056709041,Ibadan,Oyo,2025-06-19 21:13:40
1023,Amaka Igwe,amaka.igwe1023@example.com,08031749843,Lagos,Lagos,2025-08-23 04:02:28
1024,Musa Balogun,musa.balogun1024@example.com,08101063215,Awka,Anambra,2025-05-06 06:47:34
1025,Segun Abubakar,segun.abubakar1025@example.com,08139285641,Abuja,FCT,2024-05-20 21:42:13
1026,Kemi Nwosu,kemi.nwosu1026@example.com,08079109841,Abuja,FCT,2025-04-05 03:49:54
1027,Obinna Mohammed,obinna.mohammed1027@example.com,09061206041,Enugu,Enugu,2023-11-24 08:20:00
1028,Halima Igwe,halima.igwe1028@example.com,08109130699,Lagos,Lagos,2025-02-02 07:50:55
1029,Adaeze Ogunleye,adaeze.ogunleye1029@example.com,08105440772,Kano,Kano,2025-05-08 17:18:26
1030,Funke Umeh,funke.umeh1030@example.com,08135715421,Port Harcourt,Rivers,2024-08-29 06:27:08
1031,Femi Onyeka,femi.onyeka1031@example.com,09062434629,Benin City,Edo,2023-12-19 01:47:22
1032,Kemi Onyeka,kemi.onyeka1032@example.com,08109376365,Kaduna,Kaduna,2023-12-23 23:48:55
1033,Ebuka Ojo,ebuka.ojo1033@example.com,09033427549,Awka,Anambra,2025-06-19 22:42:22
1034,Kemi Balogun,kemi.balogun1034@example.com,09067771366,Nnewi,Anambra,2023-11-05 23:49:59
1035,Kemi Nwosu,kemi.nwosu1035@example.com,09038932304,Abeokuta,Ogun,2024-02-21 23:03:45
1036,Ikenna Chukwu,ikenna.chukwu1036@example.com,08058394473,Ikeja,Lagos,2024-08-17 18:06:45
1037,Chinedu Mohammed,chinedu.mohammed1037@example.com,08035181876,Abuja,FCT,2025-07-28 22:37:50
1038,Blessing Nnamdi,blessing.nnamdi1038@example.com,08102722526,Abuja,FCT,2024-12-12 00:34:30
1039,Obinna Anyanwu,obinna.anyanwu1039@example.com,08032201105,Ibadan,Oyo,2024-03-10 21:30:11
1040,Uche Chukwu,uche.chukwu1040@example.com,09034361086,Lagos,Lagos,2024-02-21 04:25:09
1041,Ebuka Mohammed,ebuka.mohammed1041@example.com,08054438818,Owerri,Imo,2024-04-02 17:09:19
1042,Ifeoma Onyeka,ifeoma.onyeka1042@example.com,08039685778,Onitsha,Anambra,2024-09-05 01:33:58
1043,Ngozi Chukwu,ngozi.chukwu1043@example.com,08132783753,Owerri,Imo,2024-07-09 02:56:59
1044,Blessing Afolabi,blessing.afolabi1044@example.com,09067834340,Awka,Anambra,2024-03-17 22:53:11
1045,Femi Anyanwu,femi.anyanwu1045@example.com,08074567785,Port Harcourt,Rivers,2025-07-23 19:14:41
1046,Blessing Danjuma,blessing.danjuma1046@example.com,09069526233,Asaba,Delta,2024-03-24 21:51:15
1047,Segun Onyeka,segun.onyeka1047@example.com,09039861315,Benin City,Edo,2025-03-16 01:03:28
1048,Damilola Nwosu,damilola.nwosu1048@example.com,08078014366,Ibadan,Oyo,2024-09-04 01:09:16
1049,Obinna Onyeka,obinna.onyeka1049@example.com,08057500232,Lagos,Lagos,2025-05-04 01:00:33
1050,Blessing Chukwu,blessing.chukwu1050@example.com,08101583766,Awka,Anambra,2024-03-26 10:24:35
1051,Ifeoma Okafor,ifeoma.okafor1051@example.com,08164745784,Abeokuta,Ogun,2024-08-21 08:31:48
1052,Musa Onyeka,musa.onyeka1052@example.com,08105249345,Benin City,Edo,2025-06-20 00:01:18
1053,Tolu Afolabi,tolu.afolabi1053@example.com,08161259577,Kano,Kano,2024-05-14 15:24:49
1054,Blessing Abubakar,blessing.abubakar1054@example.com,08132141492,Owerri,Imo,2025-08-07 02:52:03
1055,Aisha Afolabi,aisha.afolabi1055@example.com,08031869948,Enugu,Enugu,2025-02-08 01:56:41
1056,Nneka Bello,nneka.bello1056@example.com,08138226065,Awka,Anambra,2024-07-18 11:52:03
1057,Nneka Abubakar,nneka.abubakar1057@example.com,09066464435,Port Harcourt,Rivers,2024-06-05 20:13:00
1058,Aisha Onyeka,aisha.onyeka1058@example.com,08037799176,Abeokuta,Ogun,2024-06-19 07:22:27
1059,Yusuf Okafor,yusuf.okafor1059@example.com,09064414046,Abuja,FCT,2023-11-07 16:17:32
1060,Blessing Ojo,blessing.ojo1060@example.com,08032997842,Asaba,Delta,2025-03-09 00:24:42
1061,Chinedu Ibe,chinedu.ibe1061@example.com,08163659874,Kaduna,Kaduna,2025-01-27 23:10:57
1062,Ngozi Nwosu,ngozi.nwosu1062@example.com,08169485797,Onitsha,Anambra,2024-07-08 23:23:48
1063,Funke Abubakar,funke.abubakar1063@example.com,08167133614,Lagos,Lagos,2024-09-10 19:09:58
1064,Kelechi Mohammed,kelechi.mohammed1064@example.com,08166049619,Ikeja,Lagos,2024-03-17 19:51:07
1065,Ikenna Chukwu,ikenna.chukwu1065@example.com,08058337407,Ikeja,Lagos,2024-05-29 05:15:34
1066,Uche Umeh,uche.umeh1066@example.com,08169500533,Abeokuta,Ogun,2024-07-26 13:18:24
1067,Nneka Lawal,nneka.lawal1067@example.com,09031747653,Benin City,Edo,2024-10-16 05:26:37
1068,Damilola Danjuma,damilola.danjuma1068@example.com,08134432581,Enugu,Enugu,2025-02-04 05:15:52
1069,Oluchi Ojo,oluchi.ojo1069@example.com,08161268773,Onitsha,Anambra,2025-06-15 14:13:14
1070,Chukwudi Mohammed,chukwudi.mohammed1070@example.com,08167032355,Owerri,Imo,2025-06-02 00:23:26
1071,Emeka Sanni,emeka.sanni1071@example.com,09068952140,Owerri,Imo,2024-02-04 13:15:44
1072,Tunde Abubakar,tunde.abubakar1072@example.com,08108216422,Kano,Kano,2023-11-19 21:07:47
1073,Kemi Mohammed,kemi.mohammed1073@example.com,08163314199,Abeokuta,Ogun,2024-11-13 03:43:02
1074,Emeka Balogun,emeka.balogun1074@example.com,09068882026,Abeokuta,Ogun,2024-11-12 00:06:43
1075,Obinna Onyeka,obinna.onyeka1075@example.com,08108008793,Ikeja,Lagos,2023-11-24 06:58:37
1076,Yusuf Balogun,yusuf.balogun1076@example.com,08163145546,Ikeja,Lagos,2024-08-11 15:18:59
1077,Segun Okeke,segun.okeke1077@example.com,08108818953,Lagos,Lagos,2025-02-20 18:33:27
1078,Funke Nnamdi,funke.nnamdi1078@example.com,09036746133,Asaba,Delta,2024-04-19 11:26:23
1079,Segun Danjuma,segun.danjuma1079@example.com,08073300063,Kano,Kano,2024-10-18 19:52:28
1080,Obinna Adeyemi,obinna.adeyemi1080@example.com,08075813558,Port Harcourt,Rivers,2024-08-09 05:43:38
1081,Emeka Okafor,emeka.okafor1081@example.com,09031780664,Awka,Anambra,2024-03-08 12:17:14
1082,Musa Ojo,musa.ojo1082@example.com,09067294271,Enugu,Enugu,2024-11-25 21:14:26
1083,Yusuf Nwosu,yusuf.nwosu1083@example.com,08133478856,Enugu,Enugu,2024-07-02 08:58:51
1084,Chinedu Lawal,chinedu.lawal1084@example.com,09039889551,Abeokuta,Ogun,2025-02-27 02:35:19
1085,Amaka Ogunleye,amaka.ogunleye1085@example.com,08077757947,Abuja,FCT,2025-03-09 06:04:24
1086,Zainab Afolabi,zainab.afolabi1086@example.com,08105599506,Owerri,Imo,2024-04-07 18:08:50
1087,Aisha Chukwu,aisha.chukwu1087@example.com,09039804040,Onitsha,Anambra,2025-03-26 13:00:14
1088,Damilola Igwe,damilola.igwe1088@example.com,08072239183,Ibadan,Oyo,2024-10-04 12:35:24
1089,Oluchi Danjuma,oluchi.danjuma1089@example.com,08054295129,Kaduna,Kaduna,2024-05-05 19:14:10
1090,Aisha Balogun,aisha.balogun1090@example.com,08036482989,Enugu,Enugu,2023-10-08 05:31:58
1091,Ibrahim Bello,ibrahim.bello1091@example.com,09034044376,Enugu,Enugu,2024-07-13 20:31:09
1092,Ikenna Eze,ikenna.eze1092@example.com,09069495416,Onitsha,Anambra,2025-01-20 02:39:33
1093,Zainab Okeke,zainab.okeke1093@example.com,09067212547,Lagos,Lagos,2025-04-27 07:28:44
1094,Chukwudi Obi,chukwudi.obi1094@example.com,08138884540,Nnewi,Anambra,2024-10-05 16:38:14
1095,Ikenna Bello,ikenna.bello1095@example.com,08103946391,Kaduna,Kaduna,2024-09-12 13:54:11
1096,Chinedu Danjuma,chinedu.danjuma1096@example.com,08037747183,Kaduna,Kaduna,2023-11-03 07:08:05
1097,Oluchi Nwosu,oluchi.nwosu1097@example.com,09032094634,Onitsha,Anambra,2024-04-01 16:31:33
1098,Amaka Lawal,amaka.lawal1098@example.com,08167130089,Kano,Kano,2024-03-29 12:19:44
1099,Tunde Bello,tunde.bello1099@example.com,08031752012,Kano,Kano,2024-07-09 10:43:42
1100,Segun Onyeka,segun.onyeka1100@example.com,08037856281,Enugu,Enugu,2023-10-15 13:57:02
1101,Uche Okeke,uche.okeke1101@example.com,08169459654,Kano,Kano,2025-02-08 05:04:45
1102,Tolu Nwosu,tolu.nwosu1102@example.com,08138474507,Ibadan,Oyo,2024-11-13 07:24:09
1103,Adaeze Okeke,adaeze.okeke1103@example.com,08078166833,Asaba,Delta,2025-05-18 17:02:25
1104,Funke Obi,funke.obi1104@example.com,08034109747,Asaba,Delta,2024-07-14 17:07:17
1105,Tunde Ibe,tunde.ibe1105@example.com,08058723497,Kaduna,Kaduna,2023-10-21 01:16:47
1106,Ebuka Balogun,ebuka.balogun1106@example.com,08034167027,Abeokuta,Ogun,2024-03-21 11:09:46
1107,Femi Mohammed,femi.mohammed1107@example.com,08071105384,Owerri,Imo,2024-02-08 06:08:02
1108,Damilola Igwe,damilola.igwe1108@example.com,09069768308,Port Harcourt,Rivers,2025-04-11 08:40:08
1109,Segun Chukwu,segun.chukwu1109@example.com,09033629077,Port Harcourt,Rivers,2025-07-03 19:41:10
1110,Uche Anyanwu,uche.anyanwu1110@example.com,09033912216,Abuja,FCT,2024-09-21 06:35:03
1111,Yusuf Nnamdi,yusuf.nnamdi1111@example.com,08034328485,Kaduna,Kaduna,2024-01-25 19:47:21
1112,Chinedu Umeh,chinedu.umeh1112@example.com,09061856965,Ikeja,Lagos,2025-08-14 10:37:43
1113,Nneka Ade,nneka.ade1113@example.com,09036856386,Onitsha,Anambra,2025-03-20 05:57:10
1114,Aisha Ojo,aisha.ojo1114@example.com,08033914814,Abeokuta,Ogun,2024-07-24 06:45:29
1115,Halima Ade,halima.ade1115@example.com,08037535167,Abuja,FCT,2025-03-07 15:31:31
1116,Damilola Lawal,damilola.lawal1116@example.com,09064662828,Kano,Kano,2024-09-05 15:18:44
1117,Tunde Okafor,tunde.okafor1117@example.com,08059165545,Kano,Kano,2024-04-17 13:12:34
1118,Tolu Abubakar,tolu.abubakar1118@example.com,08108121439,Nnewi,Anambra,2023-10-17 09:52:42
1119,Femi Abubakar,femi.abubakar1119@example.com,08136310384,Awka,Anambra,2024-05-20 18:52:51
1120,Chioma Sanni,chioma.sanni1120@example.com,08167779945,Kaduna,Kaduna,2025-06-16 20:36:22
1121,Chinedu Ibe,chinedu.ibe1121@example.com,08033567136,Ikeja,Lagos,2023-12-04 15:29:05
1122,Kemi Onyeka,kemi.onyeka1122@example.com,09033486763,Asaba,Delta,2024-10-08 04:47:46
1123,Ibrahim Eze,ibrahim.eze1123@example.com,08073713655,Ibadan,Oyo,2024-03-14 21:37:22
1124,Tolu Umeh,tolu.umeh1124@example.com,08104111619,Abuja,FCT,2025-06-26 23:11:02
1125,Yusuf Lawal,yusuf.lawal1125@example.com,08052591676,Ibadan,Oyo,2024-02-14 08:43:37
1126,Emeka Chukwu,emeka.chukwu1126@example.com,08169937735,Enugu,Enugu,2024-05-29 17:15:26
1127,Chukwudi Abubakar,chukwudi.abubakar1127@example.com,09033380180,Nnewi,Anambra,2024-01-22 02:58:47
1128,Kelechi Igwe,kelechi.igwe1128@example.com,09065802804,Kano,Kano,2025-06-01 00:41:45
1129,Oluchi Ogunleye,oluchi.ogunleye1129@example.com,08035351657,Nnewi,Anambra,2024-09-22 23:08:04
1130,Chinedu Nwosu,chinedu.nwosu1130@example.com,08074900327,Ibadan,Oyo,2025-06-03 21:21:34
1131,Oluchi Lawal,oluchi.lawal1131@example.com,09038902640,Abeokuta,Ogun,2025-01-05 17:51:21
1132,Aisha Ibe,aisha.ibe1132@example.com,08132480060,Kaduna,Kaduna,2024-10-11 02:30:01
1133,Ebuka Okeke,ebuka.okeke1133@example.com,08134316181,Kano,Kano,2023-10-20 15:38:23
1134,Femi Balogun,femi.balogun1134@example.com,08076656345,Asaba,Delta,2023-12-10 14:35:22
1135,Femi Chukwu,femi.chukwu1135@example.com,09031694600,Ibadan,Oyo,2024-04-29 22:56:50
1136,Ngozi Adeyemi,ngozi.adeyemi1136@example.com,08105931936,Abeokuta,Ogun,2025-01-31 03:46:06
1137,Segun Igwe,segun.igwe1137@example.com,08101711929,Kaduna,Kaduna,2023-10-23 20:38:50
1138,Chinedu Lawal,chinedu.lawal1138@example.com,08164984681,Lagos,Lagos,2025-01-20 01:47:44
1139,Yusuf Ogunleye,yusuf.ogunleye1139@example.com,08165398763,Nnewi,Anambra,2025-03-12 21:55:31
1140,Chukwudi Ibe,chukwudi.ibe1140@example.com,08075262271,Port Harcourt,Rivers,2024-09-22 01:52:43
1141,Nneka Okeke,nneka.okeke1141@example.com,08108858580,Abuja,FCT,2023-10-02 07:31:39
1142,Adaeze Bello,adaeze.bello1142@example.com,09037942369,Port Harcourt,Rivers,2023-12-31 16:02:56
1143,Segun Onyeka,segun.onyeka1143@example.com,08164437085,Abuja,FCT,2024-11-29 07:33:53
1144,Chioma Nnamdi,chioma.nnamdi1144@example.com,09033886397,Ibadan,Oyo,2024-04-19 19:11:14
1145,Aisha Adeyemi,aisha.adeyemi1145@example.com,08105295034,Onitsha,Anambra,2024-10-04 07:17:04
1146,Kelechi Igwe,kelechi.igwe1146@example.com,08071465014,Lagos,Lagos,2023-10-05 05:32:30
1147,Bisi Ojo,bisi.ojo1147@example.com,09063745498,Port Harcourt,Rivers,2025-04-08 10:15:49
1148,Ngozi Sanni,ngozi.sanni1148@example.com,08136365214,Owerri,Imo,2023-11-14 13:50:02
1149,Obinna Mohammed,obinna.mohammed1149@example.com,09035897651,Kano,Kano,2024-07-30 13:47:23
1150,Chukwudi Mohammed,chukwudi.mohammed1150@example.com,08058390305,Awka,Anambra,2024-12-26 15:47:43
1151,Femi Adeyemi,femi.adeyemi1151@example.com,08073813816,Lagos,Lagos,2023-10-08 01:07:09
1152,Ibrahim Chukwu,ibrahim.chukwu1152@example.com,08169652516,Abuja,FCT,2025-03-16 16:22:39
1153,Blessing Nnamdi,blessing.nnamdi1153@example.com,08134834581,Abuja,FCT,2024-08-05 04:59:11
1154,Ebuka Nnamdi,ebuka.nnamdi1154@example.com,08031421899,Enugu,Enugu,2024-10-21 11:40:09
1155,Halima Afolabi,halima.afolabi1155@example.com,09064323193,Nnewi,Anambra,2024-03-03 14:47:56
1156,Segun Sanni,segun.sanni1156@example.com,08132639184,Enugu,Enugu,2024-06-25 19:01:43
1157,Ngozi Ogunleye,ngozi.ogunleye1157@example.com,09061552564,Asaba,Delta,2025-01-19 20:23:56
1158,Ikenna Eze,ikenna.eze1158@example.com,09062483551,Asaba,Delta,2024-02-03 10:02:30
1159,Ibrahim Mohammed,ibrahim.mohammed1159@example.com,08076669412,Ibadan,Oyo,2025-02-28 12:22:32
1160,Nneka Eze,nneka.eze1160@example.com,08133323811,Awka,Anambra,2025-07-16 13:46:16
1161,Musa Okafor,musa.okafor1161@example.com,08165431854,Awka,Anambra,2024-02-12 19:18:30
1162,Ikenna Nwosu,ikenna.nwosu1162@example.com,08033564766,Kaduna,Kaduna,2024-01-26 13:18:30
1163,Segun Onyeka,segun.onyeka1163@example.com,08167906378,Port Harcourt,Rivers,2025-07-12 14:56:00
1164,Obinna Adeyemi,obinna.adeyemi1164@example.com,08163831504,Awka,Anambra,2025-03-16 01:39:59
1165,Emeka Lawal,emeka.lawal1165@example.com,08103437981,Kano,Kano,2023-10-22 08:58:18
1166,Amaka Umeh,amaka.umeh1166@example.com,08035524927,Nnewi,Anambra,2024-08-15 16:16:24
1167,Ikenna Balogun,ikenna.balogun1167@example.com,08054555466,Owerri,Imo,2024-11-21 19:35:10
1168,Bisi Chukwu,bisi.chukwu1168@example.com,09038340881,Enugu,Enugu,2023-11-01 03:25:30
1169,Bisi Igwe,bisi.igwe1169@example.com,09063645467,Benin City,Edo,2024-06-16 09:44:37
1170,Musa Nnamdi,musa.nnamdi1170@example.com,09036659144,Onitsha,Anambra,2024-05-15 15:45:36
1171,Ebuka Nwosu,ebuka.nwosu1171@example.com,08161901831,Abeokuta,Ogun,2025-04-06 00:00:23
1172,Funke Okeke,funke.okeke1172@example.com,08074618236,Nnewi,Anambra,2023-10-04 03:52:18
1173,Obinna Danjuma,obinna.danjuma1173@example.com,08137236321,Onitsha,Anambra,2024-09-02 21:46:03
1174,Yusuf Mohammed,yusuf.mohammed1174@example.com,08077295192,Nnewi,Anambra,2025-01-22 17:26:38
1175,Aisha Ade,aisha.ade1175@example.com,08056874194,Abuja,FCT,2025-05-11 18:27:44
1176,Bisi Danjuma,bisi.danjuma1176@example.com,09063274572,Kano,Kano,2023-12-29 04:55:29
1177,Chioma Ade,chioma.ade1177@example.com,08072152431,Owerri,Imo,2024-04-24 00:48:29
1178,Chioma Ojo,chioma.ojo1178@example.com,09068898928,Ikeja,Lagos,2024-10-28 18:26:25
1179,Zainab Ogunleye,zainab.ogunleye1179@example.com,08108213557,Onitsha,Anambra,2023-11-20 07:17:18
1180,Uche Okafor,uche.okafor1180@example.com,09068737122,Abuja,FCT,2024-02-09 14:15:32
1181,Emeka Abubakar,emeka.abubakar1181@example.com,08135642306,Abuja,FCT,2024-07-07 05:52:41
1182,Tunde Abubakar,tunde.abubakar1182@example.com,09031609716,Benin City,Edo,2024-12-21 12:56:20
1183,Kelechi Chukwu,kelechi.chukwu1183@example.com,09038934014,Benin City,Edo,2024-02-24 03:05:19
1184,Adaeze Afolabi,adaeze.afolabi1184@example.com,08058316324,Abeokuta,Ogun,2023-12-07 08:23:14
1185,Tolu Ogunleye,tolu.ogunleye1185@example.com,08108419041,Kaduna,Kaduna,2025-02-06 03:41:59
1186,Aisha Eze,aisha.eze1186@example.com,08104074683,Ibadan,Oyo,2024-10-24 01:30:38
1187,Zainab Ojo,zainab.ojo1187@example.com,08036513411,Asaba,Delta,2025-05-16 19:56:56
1188,Aisha Ojo,aisha.ojo1188@example.com,08107127408,Benin City,Edo,2024-05-10 12:56:23
1189,Kemi Anyanwu,kemi.anyanwu1189@example.com,08035125041,Ikeja,Lagos,2025-02-11 02:58:29
1190,Kelechi Okeke,kelechi.okeke1190@example.com,08039030590,Onitsha,Anambra,2023-10-05 12:19:28
1191,Tolu Ade,tolu.ade1191@example.com,09061731361,Kano,Kano,2025-01-02 04:13:04
1192,Bisi Ojo,bisi.ojo1192@example.com,08109678400,Owerri,Imo,2024-07-10 09:35:12
1193,Damilola Igwe,damilola.igwe1193@example.com,08057600786,Kaduna,Kaduna,2024-07-22 17:38:42
1194,Segun Balogun,segun.balogun1194@example.com,09036395858,Onitsha,Anambra,2025-03-29 06:45:02
1195,Musa Chukwu,musa.chukwu1195@example.com,09033837184,Ikeja,Lagos,2025-04-24 02:13:55
1196,Tolu Lawal,tolu.lawal1196@example.com,09065278008,Awka,Anambra,2024-08-31 18:57:05
1197,Musa Afolabi,musa.afolabi1197@example.com,09065594554,Abeokuta,Ogun,2024-04-01 21:37:44
1198,Blessing Ojo,blessing.ojo1198@example.com,08132421315,Ikeja,Lagos,2024-12-22 05:47:57
1199,Musa Chukwu,musa.chukwu1199@example.com,08031232861,Owerri,Imo,2025-07-08 03:16:49
1200,Musa Eze,musa.eze1200@example.com,08035326711,Onitsha,Anambra,2025-03-11 03:52:02
1201,Adaeze Sanni,adaeze.sanni1201@example.com,08057156472,Nnewi,Anambra,2024-08-10 04:30:47
1202,Kemi Nwosu,kemi.nwosu1202@example.com,08104123637,Kaduna,Kaduna,2025-06-26 13:05:32
1203,Adaeze Eze,adaeze.eze1203@example.com,08132397148,Abeokuta,Ogun,2025-06-22 02:17:18
1204,Ifeoma Ojo,ifeoma.ojo1204@example.com,08075563671,Onitsha,Anambra,2024-01-31 05:21:40
1205,Bisi Afolabi,bisi.afolabi1205@example.com,08059548590,Owerri,Imo,2024-01-10 09:03:58
1206,Segun Afolabi,segun.afolabi1206@example.com,08072217971,Enugu,Enugu,2025-05-21 07:11:35
1207,Yusuf Mohammed,yusuf.mohammed1207@example.com,09067521613,Onitsha,Anambra,2024-02-03 14:49:46
1208,Tunde Lawal,tunde.lawal1208@example.com,09039198225,Lagos,Lagos,2024-05-16 11:35:38
1209,Nneka Ibe,nneka.ibe1209@example.com,08107159434,Onitsha,Anambra,2024-04-15 04:20:40
1210,Ebuka Adeyemi,ebuka.adeyemi1210@example.com,08035238942,Abeokuta,Ogun,2024-02-06 02:10:03
1211,Segun Ojo,segun.ojo1211@example.com,08074099199,Port Harcourt,Rivers,2024-12-04 23:22:03
1212,Kelechi Afolabi,kelechi.afolabi1212@example.com,09031137693,Nnewi,Anambra,2025-01-31 17:33:30
1213,Nneka Ibe,nneka.ibe1213@example.com,08058997255,Port Harcourt,Rivers,2025-07-27 14:06:22
1214,Kemi Afolabi,kemi.afolabi1214@example.com,09066875519,Asaba,Delta,2024-10-10 10:27:05
1215,Obinna Bello,obinna.bello1215@example.com,08077703446,Nnewi,Anambra,2024-08-06 07:19:25
1216,Halima Bello,halima.bello1216@example.com,08059288777,Onitsha,Anambra,2024-11-11 23:38:11
1217,Uche Lawal,uche.lawal1217@example.com,09032596136,Benin City,Edo,2024-05-12 09:50:04
1218,Yusuf Lawal,yusuf.lawal1218@example.com,08101360297,Ibadan,Oyo,2025-03-18 01:30:50
1219,Ngozi Ibe,ngozi.ibe1219@example.com,09061696583,Lagos,Lagos,2024-01-12 05:40:23
1220,Aisha Onyeka,aisha.onyeka1220@example.com,08135874560,Asaba,Delta,2025-01-19 01:06:39
1221,Chinedu Chukwu,chinedu.chukwu1221@example.com,08133301679,Abeokuta,Ogun,2025-01-07 07:55:06
1222,Ikenna Anyanwu,ikenna.anyanwu1222@example.com,08054841985,Ibadan,Oyo,2024-12-08 12:18:55
1223,Chioma Anyanwu,chioma.anyanwu1223@example.com,08051432132,Owerri,Imo,2024-06-08 04:38:16
1224,Halima Afolabi,halima.afolabi1224@example.com,08102846419,Asaba,Delta,2023-10-25 12:58:57
1225,Tunde Ogunleye,tunde.ogunleye1225@example.com,09036410737,Awka,Anambra,2023-10-13 14:35:24
1226,Ikenna Umeh,ikenna.umeh1226@example.com,08108558931,Asaba,Delta,2025-04-18 09:04:37
1227,Chinedu Lawal,chinedu.lawal1227@example.com,08163347551,Port Harcourt,Rivers,2024-02-01 10:01:24
1228,Damilola Ogunleye,damilola.ogunleye1228@example.com,08138325652,Abeokuta,Ogun,2025-07-04 19:04:01
1229,Kemi Ogunleye,kemi.ogunleye1229@example.com,08055577307,Awka,Anambra,2025-03-19 21:47:10
1230,Ebuka Ade,ebuka.ade1230@example.com,08072967585,Ibadan,Oyo,2024-01-26 11:40:16
1231,Segun Afolabi,segun.afolabi1231@example.com,09039678409,Enugu,Enugu,2024-11-15 23:00:24
1232,Emeka Anyanwu,emeka.anyanwu1232@example.com,08076369680,Abuja,FCT,2025-05-07 12:41:26
1233,Chioma Nnamdi,chioma.nnamdi1233@example.com,09039888237,Onitsha,Anambra,2025-03-28 20:04:03
1234,Funke Chukwu,funke.chukwu1234@example.com,09032359222,Port Harcourt,Rivers,2024-03-19 01:38:20
1235,Obinna Igwe,obinna.igwe1235@example.com,08139804345,Port Harcourt,Rivers,2025-03-25 05:56:50
1236,Oluchi Igwe,oluchi.igwe1236@example.com,08103092142,Abeokuta,Ogun,2024-05-22 11:30:35
1237,Amaka Danjuma,amaka.danjuma1237@example.com,08108651032,Nnewi,Anambra,2025-08-01 05:49:39
1238,Ifeoma Anyanwu,ifeoma.anyanwu1238@example.com,08169812429,Onitsha,Anambra,2025-01-13 20:39:14
1239,Ifeoma Umeh,ifeoma.umeh1239@example.com,09061507392,Enugu,Enugu,2024-07-11 13:19:29
1240,Musa Umeh,musa.umeh1240@example.com,08032429209,Benin City,Edo,2025-04-10 13:45:33
1241,Blessing Eze,blessing.eze1241@example.com,08037718242,Kano,Kano,2024-07-18 01:12:33
1242,Zainab Mohammed,zainab.mohammed1242@example.com,08055419210,Owerri,Imo,2024-07-21 11:22:24
1243,Chinedu Bello,chinedu.bello1243@example.com,08059863992,Benin City,Edo,2025-05-14 17:02:55
1244,Nneka Ojo,nneka.ojo1244@example.com,08031447653,Abuja,FCT,2024-01-05 00:38:25
1245,Funke Anyanwu,funke.anyanwu1245@example.com,08167735158,Benin City,Edo,2025-04-18 19:05:21
1246,Oluchi Okafor,oluchi.okafor1246@example.com,08038390896,Ibadan,Oyo,2024-02-07 08:44:31
1247,Oluchi Obi,oluchi.obi1247@example.com,08133042225,Abuja,FCT,2024-12-24 16:32:21
1248,Ikenna Eze,ikenna.eze1248@example.com,08051270828,Kaduna,Kaduna,2024-12-24 12:19:54
1249,Tolu Chukwu,tolu.chukwu1249@example.com,08035113757,Awka,Anambra,2025-06-19 18:05:15
1250,Amaka Ojo,amaka.ojo1250@example.com,08051914578,Benin City,Edo,2024-11-16 07:51:55
1251,Chinedu Afolabi,chinedu.afolabi1251@example.com,09065156576,Onitsha,Anambra,2024-08-09 00:58:48
1252,Ifeoma Abubakar,ifeoma.abubakar1252@example.com,09064818898,Enugu,Enugu,2024-08-26 12:02:48
1253,Oluchi Nnamdi,oluchi.nnamdi1253@example.com,08169092153,Enugu,Enugu,2024-02-09 06:24:17
1254,Chioma Afolabi,chioma.afolabi1254@example.com,08169175436,Abeokuta,Ogun,2023-10-03 22:35:57
1255,Chioma Lawal,chioma.lawal1255@example.com,08077927023,Kaduna,Kaduna,2023-12-09 09:30:14
1256,Kemi Abubakar,kemi.abubakar1256@example.com,08052935953,Kaduna,Kaduna,2025-02-18 07:25:12
1257,Ifeoma Anyanwu,ifeoma.anyanwu1257@example.com,08055151683,Abuja,FCT,2025-02-05 03:11:21
1258,Halima Lawal,halima.lawal1258@example.com,09036309961,Nnewi,Anambra,2025-07-25 12:56:58
1259,Nneka Eze,nneka.eze1259@example.com,09032290152,Kaduna,Kaduna,2024-06-17 03:21:21
1260,Obinna Okeke,obinna.okeke1260@example.com,08136129770,Port Harcourt,Rivers,2024-02-15 10:57:49
1261,Adaeze Okafor,adaeze.okafor1261@example.com,08053881010,Awka,Anambra,2025-05-17 09:35:37
1262,Tolu Bello,tolu.bello1262@example.com,09063292654,Enugu,Enugu,2024-04-12 16:21:36
1263,Kemi Bello,kemi.bello1263@example.com,08107951530,Lagos,Lagos,2025-06-25 04:35:36
1264,Kelechi Ogunleye,kelechi.ogunleye1264@example.com,08137956270,Abuja,FCT,2025-04-23 03:28:48
1265,Femi Ade,femi.ade1265@example.com,08165225386,Kaduna,Kaduna,2023-12-12 15:12:57
1266,Zainab Obi,zainab.obi1266@example.com,08161999274,Ikeja,Lagos,2024-05-14 23:12:52
1267,Ebuka Ogunleye,ebuka.ogunleye1267@example.com,09036027975,Port Harcourt,Rivers,2024-07-08 15:42:15
1268,Uche Adeyemi,uche.adeyemi1268@example.com,09035621381,Onitsha,Anambra,2025-03-09 07:22:58
1269,Adaeze Bello,adaeze.bello1269@example.com,08137670410,Abeokuta,Ogun,2025-03-15 18:20:36
1270,Kelechi Afolabi,kelechi.afolabi1270@example.com,08167286097,Kano,Kano,2023-10-30 22:08:58
1271,Zainab Sanni,zainab.sanni1271@example.com,08072032377,Abuja,FCT,2024-03-14 18:58:23
1272,Funke Eze,funke.eze1272@example.com,08075029244,Port Harcourt,Rivers,2024-01-15 19:08:27
1273,Tunde Lawal,tunde.lawal1273@example.com,08109682348,Awka,Anambra,2025-06-06 20:00:32
1274,Chukwudi Balogun,chukwudi.balogun1274@example.com,08072025649,Owerri,Imo,2025-07-12 17:43:40
1275,Kemi Ibe,kemi.ibe1275@example.com,09031584226,Ibadan,Oyo,2024-02-09 11:45:14
1276,Ifeoma Adeyemi,ifeoma.adeyemi1276@example.com,08138274300,Owerri,Imo,2024-01-12 21:51:13
1277,Obinna Lawal,obinna.lawal1277@example.com,08162548308,Owerri,Imo,2024-06-20 00:18:31
1278,Halima Sanni,halima.sanni1278@example.com,09063513010,Kano,Kano,2024-06-30 06:45:20
1279,Segun Igwe,segun.igwe1279@example.com,09032847381,Abuja,FCT,2024-07-21 02:02:37
1280,Chukwudi Sanni,chukwudi.sanni1280@example.com,08034231546,Abuja,FCT,2024-06-27 23:53:11
1281,Amaka Ibe,amaka.ibe1281@example.com,08058520882,Kaduna,Kaduna,2024-08-17 21:51:12
1282,Kelechi Umeh,kelechi.umeh1282@example.com,08074729069,Port Harcourt,Rivers,2024-02-27 00:38:12
1283,Zainab Obi,zainab.obi1283@example.com,08036341905,Owerri,Imo,2025-05-12 08:31:13
1284,Obinna Abubakar,obinna.abubakar1284@example.com,08134707373,Asaba,Delta,2024-11-26 17:23:22
1285,Chinedu Umeh,chinedu.umeh1285@example.com,08169650897,Ibadan,Oyo,2023-11-11 12:51:45
1286,Chioma Ojo,chioma.ojo1286@example.com,09066573425,Kano,Kano,2024-08-06 06:00:07
1287,Halima Abubakar,halima.abubakar1287@example.com,08071241388,Enugu,Enugu,2024-03-04 00:31:16
1288,Ngozi Ogunleye,ngozi.ogunleye1288@example.com,08074571436,Awka,Anambra,2025-06-30 22:25:29
1289,Zainab Nnamdi,zainab.nnamdi1289@example.com,09032110395,Lagos,Lagos,2024-03-14 22:27:36
1290,Chukwudi Igwe,chukwudi.igwe1290@example.com,08078367267,Asaba,Delta,2024-03-03 07:06:45
1291,Blessing Ibe,blessing.ibe1291@example.com,08137454370,Port Harcourt,Rivers,2025-01-18 01:57:09
1292,Zainab Adeyemi,zainab.adeyemi1292@example.com,09065453281,Enugu,Enugu,2023-12-25 09:07:22
1293,Chukwudi Okeke,chukwudi.okeke1293@example.com,08135697007,Asaba,Delta,2025-02-25 12:43:16
1294,Tolu Balogun,tolu.balogun1294@example.com,08169294397,Ikeja,Lagos,2023-11-02 22:26:36
1295,Oluchi Anyanwu,oluchi.anyanwu1295@example.com,08079153050,Kaduna,Kaduna,2024-09-11 22:56:26
1296,Adaeze Umeh,adaeze.umeh1296@example.com,08135532715,Nnewi,Anambra,2023-12-27 03:20:55
1297,Ngozi Afolabi,ngozi.afolabi1297@example.com,08037785669,Enugu,Enugu,2024-08-24 19:06:41
1298,Adaeze Igwe,adaeze.igwe1298@example.com,08103506104,Abuja,FCT,2025-01-23 01:46:02
1299,Bisi Onyeka,bisi.onyeka1299@example.com,08101230712,Nnewi,Anambra,2025-04-04 01:55:09
1300,Kemi Nnamdi,kemi.nnamdi1300@example.com,09032974841,Awka,Anambra,2025-02-10 18:09:03
1301,Kelechi Okafor,kelechi.okafor1301@example.com,08076321343,Abuja,FCT,2023-10-25 03:45:21
1302,Obinna Adeyemi,obinna.adeyemi1302@example.com,08078477523,Kaduna,Kaduna,2025-07-26 03:42:37
1303,Emeka Lawal,emeka.lawal1303@example.com,08103688586,Lagos,Lagos,2025-05-07 00:39:32
1304,Chioma Ade,chioma.ade1304@example.com,08104223271,Nnewi,Anambra,2023-10-15 23:18:10
1305,Nneka Ojo,nneka.ojo1305@example.com,08169878825,Abeokuta,Ogun,2024-01-08 00:36:37
1306,Amaka Onyeka,amaka.onyeka1306@example.com,08058943520,Owerri,Imo,2024-01-24 11:18:54
1307,Ifeoma Bello,ifeoma.bello1307@example.com,08164925019,Abeokuta,Ogun,2024-11-12 02:30:30
1308,Ibrahim Bello,ibrahim.bello1308@example.com,09037882595,Lagos,Lagos,2025-03-19 10:03:01
1309,Damilola Lawal,damilola.lawal1309@example.com,08074802415,Awka,Anambra,2024-05-05 08:46:14
1310,Chukwudi Anyanwu,chukwudi.anyanwu1310@example.com,08036689689,Enugu,Enugu,2024-03-11 01:21:22
1311,Ifeoma Danjuma,ifeoma.danjuma1311@example.com,08058660928,Benin City,Edo,2025-04-01 14:40:05
1312,Damilola Sanni,damilola.sanni1312@example.com,09065720296,Benin City,Edo,2025-08-13 16:14:39
1313,Ifeoma Ibe,ifeoma.ibe1313@example.com,08103547276,Ibadan,Oyo,2024-04-16 14:03:40
1314,Ibrahim Ibe,ibrahim.ibe1314@example.com,08032642450,Port Harcourt,Rivers,2025-01-02 06:12:58
1315,Aisha Nnamdi,aisha.nnamdi1315@example.com,08074743521,Enugu,Enugu,2024-11-02 13:09:58
1316,Ikenna Adeyemi,ikenna.adeyemi1316@example.com,08036477412,Port Harcourt,Rivers,2025-08-16 10:22:45
1317,Femi Onyeka,femi.onyeka1317@example.com,08164899661,Asaba,Delta,2025-01-04 02:14:10
1318,Aisha Ogunleye,aisha.ogunleye1318@example.com,08138195931,Port Harcourt,Rivers,2025-01-29 23:47:43
1319,Blessing Ibe,blessing.ibe1319@example.com,08161768410,Kano,Kano,2024-02-25 06:26:29
1320,Ibrahim Bello,ibrahim.bello1320@example.com,09036454854,Kaduna,Kaduna,2025-05-19 15:44:03
1321,Kelechi Nnamdi,kelechi.nnamdi1321@example.com,09037215152,Abeokuta,Ogun,2025-07-27 04:10:54
1322,Bisi Ade,bisi.ade1322@example.com,09063037363,Lagos,Lagos,2023-10-29 02:05:19
1323,Zainab Anyanwu,zainab.anyanwu1323@example.com,08162862351,Kaduna,Kaduna,2025-05-12 18:52:15
1324,Ebuka Balogun,ebuka.balogun1324@example.com,08059239842,Awka,Anambra,2024-07-29 07:32:41
1325,Amaka Ibe,amaka.ibe1325@example.com,09037241502,Abuja,FCT,2025-02-21 05:02:26
1326,Kelechi Danjuma,kelechi.danjuma1326@example.com,08078030333,Enugu,Enugu,2023-10-01 21:20:37
1327,Blessing Afolabi,blessing.afolabi1327@example.com,08131398464,Kaduna,Kaduna,2024-10-12 05:23:51
1328,Tolu Nwosu,tolu.nwosu1328@example.com,08165918060,Kaduna,Kaduna,2025-08-17 04:59:13
1329,Zainab Onyeka,zainab.onyeka1329@example.com,08131810882,Benin City,Edo,2024-10-12 12:25:13
1330,Chioma Ade,chioma.ade1330@example.com,08031121585,Awka,Anambra,2023-11-22 01:52:57
1331,Ibrahim Umeh,ibrahim.umeh1331@example.com,08162289135,Kaduna,Kaduna,2024-08-24 23:14:06
1332,Bisi Nnamdi,bisi.nnamdi1332@example.com,08136802518,Abuja,FCT,2024-01-16 17:59:22
1333,Halima Adeyemi,halima.adeyemi1333@example.com,08035463788,Port Harcourt,Rivers,2024-09-07 16:11:54
1334,Amaka Anyanwu,amaka.anyanwu1334@example.com,08106054372,Ibadan,Oyo,2023-10-16 05:04:00
1335,Oluchi Ojo,oluchi.ojo1335@example.com,08108444033,Kaduna,Kaduna,2025-04-05 12:00:11
1336,Segun Ibe,segun.ibe1336@example.com,08071302843,Onitsha,Anambra,2025-01-21 05:31:18
1337,Yusuf Ogunleye,yusuf.ogunleye1337@example.com,08075136368,Kaduna,Kaduna,2024-02-06 11:19:22
1338,Ifeoma Ibe,ifeoma.ibe1338@example.com,08052898826,Lagos,Lagos,2025-02-18 06:14:17
1339,Chioma Mohammed,chioma.mohammed1339@example.com,08054718360,Owerri,Imo,2025-02-19 13:48:23
1340,Obinna Danjuma,obinna.danjuma1340@example.com,08033284733,Owerri,Imo,2024-11-14 08:24:29
1341,Bisi Sanni,bisi.sanni1341@example.com,08051874217,Ibadan,Oyo,2024-01-16 18:24:51
1342,Ngozi Danjuma,ngozi.danjuma1342@example.com,09033440904,Owerri,Imo,2025-05-15 09:39:54
1343,Emeka Umeh,emeka.umeh1343@example.com,08137941547,Onitsha,Anambra,2023-12-11 02:55:04
1344,Blessing Nnamdi,blessing.nnamdi1344@example.com,08164047066,Ikeja,Lagos,2024-02-17 17:20:35
1345,Ngozi Sanni,ngozi.sanni1345@example.com,08109316023,Ibadan,Oyo,2024-03-11 20:14:46
1346,Tolu Umeh,tolu.umeh1346@example.com,08077389981,Ibadan,Oyo,2024-04-28 10:42:28
1347,Ifeoma Ade,ifeoma.ade1347@example.com,08077506561,Kano,Kano,2023-10-21 23:18:54
1348,Oluchi Nnamdi,oluchi.nnamdi1348@example.com,08102278038,Port Harcourt,Rivers,2024-05-31 12:35:02
1349,Uche Balogun,uche.balogun1349@example.com,08079850076,Abuja,FCT,2024-11-09 20:32:31
1350,Segun Balogun,segun.balogun1350@example.com,09065533146,Abeokuta,Ogun,2024-04-04 17:06:52
1351,Ebuka Lawal,ebuka.lawal1351@example.com,08106293471,Awka,Anambra,2024-02-15 23:41:16
1352,Chinedu Afolabi,chinedu.afolabi1352@example.com,09033480640,Kaduna,Kaduna,2025-02-17 01:30:09
1353,Tolu Sanni,tolu.sanni1353@example.com,08056813839,Abuja,FCT,2024-02-05 15:22:13
1354,Amaka Danjuma,amaka.danjuma1354@example.com,08051062439,Awka,Anambra,2025-02-16 23:06:52
1355,Damilola Sanni,damilola.sanni1355@example.com,08109335683,Benin City,Edo,2024-09-08 22:33:33
1356,Emeka Anyanwu,emeka.anyanwu1356@example.com,08037893204,Asaba,Delta,2025-08-28 17:40:42
1357,Tunde Chukwu,tunde.chukwu1357@example.com,09035896822,Enugu,Enugu,2024-06-07 13:18:29
1358,Tolu Onyeka,tolu.onyeka1358@example.com,08038233464,Ibadan,Oyo,2024-09-10 15:42:23
1359,Musa Ogunleye,musa.ogunleye1359@example.com,08076382675,Ikeja,Lagos,2024-12-26 12:19:03
1360,Chinedu Lawal,chinedu.lawal1360@example.com,08132712880,Port Harcourt,Rivers,2025-01-02 01:37:36
1361,Zainab Onyeka,zainab.onyeka1361@example.com,09062941795,Lagos,Lagos,2024-01-28 05:41:07
1362,Kelechi Bello,kelechi.bello1362@example.com,08033790907,Ikeja,Lagos,2024-05-11 01:09:59
1363,Damilola Okafor,damilola.okafor1363@example.com,08137205449,Asaba,Delta,2023-10-14 17:44:15
1364,Chinedu Ibe,chinedu.ibe1364@example.com,08106220093,Lagos,Lagos,2025-02-19 21:25:17
1365,Nneka Ojo,nneka.ojo1365@example.com,09035626738,Awka,Anambra,2025-01-11 10:18:56
1366,Femi Nnamdi,femi.nnamdi1366@example.com,08059247531,Abuja,FCT,2025-08-21 11:33:07
1367,Amaka Abubakar,amaka.abubakar1367@example.com,08105163031,Ibadan,Oyo,2024-10-20 03:10:00
1368,Obinna Adeyemi,obinna.adeyemi1368@example.com,08074226724,Port Harcourt,Rivers,2024-11-02 05:35:38
1369,Ebuka Danjuma,ebuka.danjuma1369@example.com,08053848829,Benin City,Edo,2024-08-28 08:40:49
1370,Funke Sanni,funke.sanni1370@example.com,08073078509,Owerri,Imo,2025-04-15 10:32:13
1371,Ikenna Ade,ikenna.ade1371@example.com,08137437922,Ikeja,Lagos,2024-03-16 21:15:57
1372,Ikenna Onyeka,ikenna.onyeka1372@example.com,08134202118,Enugu,Enugu,2024-03-08 11:48:44
1373,Halima Chukwu,halima.chukwu1373@example.com,08038596004,Asaba,Delta,2025-02-13 08:14:31
1374,Amaka Obi,amaka.obi1374@example.com,08108850635,Asaba,Delta,2024-06-15 03:38:58
1375,Ebuka Eze,ebuka.eze1375@example.com,08102536483,Kano,Kano,2023-11-20 04:16:01
1376,Zainab Onyeka,zainab.onyeka1376@example.com,09068369781,Abeokuta,Ogun,2024-01-11 07:12:23
1377,Ngozi Balogun,ngozi.balogun1377@example.com,09034399536,Port Harcourt,Rivers,2024-10-07 20:55:17
1378,Chioma Eze,chioma.eze1378@example.com,08053612182,Enugu,Enugu,2024-09-13 21:14:46
1379,Ebuka Nnamdi,ebuka.nnamdi1379@example.com,09034862118,Abeokuta,Ogun,2024-09-16 18:30:27
1380,Damilola Onyeka,damilola.onyeka1380@example.com,08076996485,Benin City,Edo,2024-05-02 16:25:01
1381,Damilola Igwe,damilola.igwe1381@example.com,08033819692,Port Harcourt,Rivers,2024-10-12 08:17:39
1382,Funke Balogun,funke.balogun1382@example.com,08166084783,Kano,Kano,2023-10-26 23:32:56
1383,Amaka Ibe,amaka.ibe1383@example.com,09031733495,Kaduna,Kaduna,2025-06-10 04:29:58
1384,Aisha Mohammed,aisha.mohammed1384@example.com,08101159141,Abuja,FCT,2025-05-13 17:58:58
1385,Amaka Danjuma,amaka.danjuma1385@example.com,09062823721,Enugu,Enugu,2025-02-19 15:46:11
1386,Emeka Lawal,emeka.lawal1386@example.com,08106721661,Lagos,Lagos,2025-04-03 04:20:48
1387,Segun Okeke,segun.okeke1387@example.com,09032122704,Ibadan,Oyo,2025-06-08 12:21:46
1388,Musa Ade,musa.ade1388@example.com,08057210022,Ibadan,Oyo,2024-02-08 17:52:10
1389,Tolu Abubakar,tolu.abubakar1389@example.com,08169311554,Onitsha,Anambra,2025-04-06 19:22:59
1390,Chinedu Obi,chinedu.obi1390@example.com,09064170320,Nnewi,Anambra,2024-09-03 04:36:44
1391,Tunde Anyanwu,tunde.anyanwu1391@example.com,08109493779,Benin City,Edo,2024-12-24 04:19:01
1392,Tunde Abubakar,tunde.abubakar1392@example.com,08053230830,Nnewi,Anambra,2025-03-12 00:14:14
1393,Ifeoma Adeyemi,ifeoma.adeyemi1393@example.com,08034097815,Ikeja,Lagos,2025-08-11 10:22:53
1394,Blessing Nnamdi,blessing.nnamdi1394@example.com,08031165905,Abeokuta,Ogun,2024-12-22 09:05:44
1395,Femi Anyanwu,femi.anyanwu1395@example.com,09034767503,Lagos,Lagos,2024-05-13 06:54:07
1396,Ngozi Bello,ngozi.bello1396@example.com,08059739972,Owerri,Imo,2024-03-31 06:51:15
1397,Segun Obi,segun.obi1397@example.com,08107323962,Abuja,FCT,2023-12-09 17:43:11
1398,Chinedu Anyanwu,chinedu.anyanwu1398@example.com,08102076991,Abeokuta,Ogun,2024-10-07 19:42:31
1399,Amaka Umeh,amaka.umeh1399@example.com,08031681149,Benin City,Edo,2025-04-04 10:36:18
1400,Halima Bello,halima.bello1400@example.com,08103615433,Onitsha,Anambra,2024-12-29 20:20:30
1401,Ikenna Lawal,ikenna.lawal1401@example.com,08165673485,Ibadan,Oyo,2025-08-17 22:27:43
1402,Obinna Okeke,obinna.okeke1402@example.com,08034771842,Nnewi,Anambra,2025-03-07 03:00:52
1403,Kemi Eze,kemi.eze1403@example.com,08133975888,Ikeja,Lagos,2024-01-05 18:03:14
1404,Nneka Lawal,nneka.lawal1404@example.com,08032612041,Benin City,Edo,2023-11-01 11:13:23
1405,Adaeze Igwe,adaeze.igwe1405@example.com,08102342526,Onitsha,Anambra,2023-10-03 12:27:55
1406,Ifeoma Lawal,ifeoma.lawal1406@example.com,08103395506,Nnewi,Anambra,2024-03-25 20:35:33
1407,Emeka Nwosu,emeka.nwosu1407@example.com,08059128616,Kano,Kano,2024-12-23 05:39:27
1408,Blessing Ogunleye,blessing.ogunleye1408@example.com,08166980112,Lagos,Lagos,2024-03-12 00:26:37
1409,Nneka Ibe,nneka.ibe1409@example.com,08169898749,Lagos,Lagos,2024-10-21 06:08:21
1410,Halima Ogunleye,halima.ogunleye1410@example.com,08161646132,Benin City,Edo,2025-06-08 15:52:21
1411,Ngozi Bello,ngozi.bello1411@example.com,08052806799,Kaduna,Kaduna,2024-01-30 22:45:41
1412,Ngozi Adeyemi,ngozi.adeyemi1412@example.com,08072401770,Asaba,Delta,2025-08-01 14:29:45
1413,Musa Chukwu,musa.chukwu1413@example.com,09061324560,Kano,Kano,2024-09-27 19:45:07
1414,Chinedu Nwosu,chinedu.nwosu1414@example.com,08056430271,Enugu,Enugu,2024-10-22 00:22:43
1415,Tolu Lawal,tolu.lawal1415@example.com,08131926142,Ibadan,Oyo,2025-05-05 01:04:01
1416,Ifeoma Danjuma,ifeoma.danjuma1416@example.com,08107638939,Kano,Kano,2024-07-30 16:57:48
1417,Emeka Danjuma,emeka.danjuma1417@example.com,08101849940,Asaba,Delta,2024-07-09 07:04:38
1418,Ebuka Abubakar,ebuka.abubakar1418@example.com,08038410064,Asaba,Delta,2024-09-02 08:21:06
1419,Ngozi Afolabi,ngozi.afolabi1419@example.com,09037631466,Abuja,FCT,2024-05-21 14:26:26
1420,Damilola Okafor,damilola.okafor1420@example.com,08059900501,Enugu,Enugu,2024-10-23 02:54:12
1421,Emeka Mohammed,emeka.mohammed1421@example.com,08134794413,Owerri,Imo,2024-12-04 21:28:23
1422,Kelechi Umeh,kelechi.umeh1422@example.com,08161452927,Benin City,Edo,2025-01-21 21:10:16
1423,Segun Adeyemi,segun.adeyemi1423@example.com,08139523186,Lagos,Lagos,2024-03-21 09:16:32
1424,Segun Danjuma,segun.danjuma1424@example.com,08131941591,Kaduna,Kaduna,2023-10-07 18:46:59
1425,Ebuka Ibe,ebuka.ibe1425@example.com,08037072537,Benin City,Edo,2024-08-24 18:55:51
1426,Kelechi Sanni,kelechi.sanni1426@example.com,09031538363,Onitsha,Anambra,2024-05-04 14:13:59
1427,Funke Mohammed,funke.mohammed1427@example.com,09065574302,Abeokuta,Ogun,2024-10-05 09:16:40
1428,Musa Anyanwu,musa.anyanwu1428@example.com,08161240340,Nnewi,Anambra,2024-09-01 12:46:14
1429,Ebuka Balogun,ebuka.balogun1429@example.com,09063570490,Awka,Anambra,2024-06-09 16:48:26
1430,Chioma Onyeka,chioma.onyeka1430@example.com,08168699037,Kaduna,Kaduna,2024-10-22 00:56:12
1431,Tolu Balogun,tolu.balogun1431@example.com,08035891523,Owerri,Imo,2023-12-18 21:14:15
1432,Tunde Chukwu,tunde.chukwu1432@example.com,08108678879,Asaba,Delta,2023-10-25 04:44:45
1433,Ibrahim Eze,ibrahim.eze1433@example.com,08072854894,Lagos,Lagos,2023-10-14 09:36:47
1434,Tolu Ibe,tolu.ibe1434@example.com,08134290512,Owerri,Imo,2024-12-25 18:53:34
1435,Bisi Obi,bisi.obi1435@example.com,09067040986,Port Harcourt,Rivers,2024-10-15 07:24:47
1436,Chinedu Obi,chinedu.obi1436@example.com,09031968726,Abuja,FCT,2024-09-05 06:46:17
1437,Ikenna Nwosu,ikenna.nwosu1437@example.com,08137223155,Benin City,Edo,2024-01-24 22:23:04
1438,Halima Nnamdi,halima.nnamdi1438@example.com,09061744869,Kano,Kano,2024-11-06 14:14:48
1439,Oluchi Okeke,oluchi.okeke1439@example.com,09068294116,Asaba,Delta,2025-05-24 05:52:04
1440,Oluchi Nnamdi,oluchi.nnamdi1440@example.com,09035634086,Ikeja,Lagos,2024-01-25 01:52:50
1441,Nneka Ojo,nneka.ojo1441@example.com,08109201567,Enugu,Enugu,2024-04-30 00:47:40
1442,Halima Nnamdi,halima.nnamdi1442@example.com,08052736874,Lagos,Lagos,2023-11-10 23:38:28
1443,Segun Danjuma,segun.danjuma1443@example.com,08078428888,Kano,Kano,2023-12-05 02:26:47
1444,Chinedu Onyeka,chinedu.onyeka1444@example.com,09066892857,Nnewi,Anambra,2024-02-05 02:53:39
1445,Damilola Okeke,damilola.okeke1445@example.com,08056262581,Abuja,FCT,2024-08-11 15:34:09
1446,Bisi Mohammed,bisi.mohammed1446@example.com,08072876897,Nnewi,Anambra,2025-01-21 16:39:54
1447,Bisi Chukwu,bisi.chukwu1447@example.com,09068840289,Kano,Kano,2024-08-17 12:15:47
1448,Kemi Ojo,kemi.ojo1448@example.com,08137584794,Asaba,Delta,2025-06-14 02:15:11
1449,Oluchi Lawal,oluchi.lawal1449@example.com,08071381414,Kaduna,Kaduna,2023-11-09 10:14:32
1450,Yusuf Ade,yusuf.ade1450@example.com,08162890761,Owerri,Imo,2025-04-07 11:36:13
1451,Ibrahim Mohammed,ibrahim.mohammed1451@example.com,09065960268,Enugu,Enugu,2024-04-16 07:22:14
1452,Bisi Okeke,bisi.okeke1452@example.com,08076630019,Kano,Kano,2024-03-18 02:28:35
1453,Emeka Mohammed,emeka.mohammed1453@example.com,08078001289,Kaduna,Kaduna,2024-11-07 09:44:30
1454,Adaeze Okafor,adaeze.okafor1454@example.com,09068304343,Ikeja,Lagos,2025-08-18 04:10:25
1455,Nneka Chukwu,nneka.chukwu1455@example.com,08136219551,Asaba,Delta,2025-06-10 03:47:33
1456,Bisi Ibe,bisi.ibe1456@example.com,08133964929,Abuja,FCT,2025-05-29 02:59:55
1457,Chinedu Obi,chinedu.obi1457@example.com,08039586904,Port Harcourt,Rivers,2025-06-22 18:05:36
1458,Femi Adeyemi,femi.adeyemi1458@example.com,09034483796,Kaduna,Kaduna,2025-03-16 14:48:42
1459,Ifeoma Sanni,ifeoma.sanni1459@example.com,09033548314,Ibadan,Oyo,2024-06-07 07:19:34
1460,Tolu Chukwu,tolu.chukwu1460@example.com,08056334955,Enugu,Enugu,2025-03-09 12:46:21
1461,Yusuf Balogun,yusuf.balogun1461@example.com,08054992714,Asaba,Delta,2025-06-16 01:49:12
1462,Uche Okafor,uche.okafor1462@example.com,08079119850,Awka,Anambra,2024-04-09 06:58:29
1463,Kemi Onyeka,kemi.onyeka1463@example.com,08102236574,Kano,Kano,2025-01-29 06:02:08
1464,Yusuf Balogun,yusuf.balogun1464@example.com,08072370862,Kano,Kano,2024-06-04 21:17:47
1465,Bisi Sanni,bisi.sanni1465@example.com,09036868427,Asaba,Delta,2024-10-09 06:49:16
1466,Funke Ade,funke.ade1466@example.com,09039844395,Benin City,Edo,2025-05-26 10:14:59
1467,Amaka Balogun,amaka.balogun1467@example.com,08054609551,Abeokuta,Ogun,2025-03-07 05:13:29
1468,Obinna Sanni,obinna.sanni1468@example.com,08135282556,Lagos,Lagos,2024-10-23 09:04:59
1469,Ikenna Bello,ikenna.bello1469@example.com,08161832961,Abuja,FCT,2025-02-17 15:22:25
1470,Bisi Mohammed,bisi.mohammed1470@example.com,08169712057,Ikeja,Lagos,2024-08-02 20:35:56
1471,Nneka Nwosu,nneka.nwosu1471@example.com,08161173664,Abuja,FCT,2025-02-24 22:25:47
1472,Chukwudi Mohammed,chukwudi.mohammed1472@example.com,08162540482,Ibadan,Oyo,2025-07-03 01:49:43
1473,Blessing Okeke,blessing.okeke1473@example.com,08031327055,Owerri,Imo,2024-01-28 11:20:40
1474,Aisha Onyeka,aisha.onyeka1474@example.com,08166443982,Abeokuta,Ogun,2024-09-11 03:53:43
1475,Emeka Nnamdi,emeka.nnamdi1475@example.com,08135226666,Onitsha,Anambra,2024-07-04 11:38:59
1476,Oluchi Anyanwu,oluchi.anyanwu1476@example.com,09035301631,Ikeja,Lagos,2024-03-19 10:19:00
1477,Musa Nnamdi,musa.nnamdi1477@example.com,09034717671,Kaduna,Kaduna,2024-09-24 11:44:25
1478,Ebuka Mohammed,ebuka.mohammed1478@example.com,08071272018,Owerri,Imo,2025-04-27 02:27:07
1479,Femi Sanni,femi.sanni1479@example.com,08078643500,Lagos,Lagos,2024-08-29 03:32:14
1480,Funke Abubakar,funke.abubakar1480@example.com,09066177598,Benin City,Edo,2023-12-08 03:05:46
1481,Kelechi Okeke,kelechi.okeke1481@example.com,08135719374,Ikeja,Lagos,2024-07-28 15:52:31
1482,Ngozi Nwosu,ngozi.nwosu1482@example.com,09034269785,Benin City,Edo,2024-02-24 10:08:30
1483,Nneka Okafor,nneka.okafor1483@example.com,09031377731,Benin City,Edo,2025-08-21 23:52:10
1484,Tolu Ogunleye,tolu.ogunleye1484@example.com,08031623771,Lagos,Lagos,2025-08-31 09:27:54
1485,Tunde Okeke,tunde.okeke1485@example.com,09065186417,Nnewi,Anambra,2023-10-05 02:38:10
1486,Ikenna Balogun,ikenna.balogun1486@example.com,09034214646,Lagos,Lagos,2024-08-23 10:32:32
1487,Yusuf Balogun,yusuf.balogun1487@example.com,08169959015,Ikeja,Lagos,2025-01-14 11:57:05
1488,Blessing Obi,blessing.obi1488@example.com,08162559886,Benin City,Edo,2024-06-08 04:00:48
1489,Adaeze Umeh,adaeze.umeh1489@example.com,09037822020,Asaba,Delta,2023-11-03 13:38:14
1490,Ikenna Mohammed,ikenna.mohammed1490@example.com,08039823144,Ikeja,Lagos,2024-06-07 10:10:26
1491,Adaeze Mohammed,adaeze.mohammed1491@example.com,09038507698,Ikeja,Lagos,2025-02-01 02:43:22
1492,Obinna Okeke,obinna.okeke1492@example.com,09064951737,Lagos,Lagos,2025-05-12 03:11:44
1493,Zainab Lawal,zainab.lawal1493@example.com,09066275802,Ikeja,Lagos,2025-07-14 15:22:16
1494,Ibrahim Okafor,ibrahim.okafor1494@example.com,08107758464,Abeokuta,Ogun,2023-11-30 05:47:45
1495,Tunde Okeke,tunde.okeke1495@example.com,08035400838,Nnewi,Anambra,2024-02-04 20:43:07
1496,Amaka Obi,amaka.obi1496@example.com,09068254841,Lagos,Lagos,2024-03-29 06:16:53
1497,Funke Adeyemi,funke.adeyemi1497@example.com,09064520213,Port Harcourt,Rivers,2024-11-11 23:36:13
1498,Blessing Nwosu,blessing.nwosu1498@example.com,08078698080,Owerri,Imo,2024-02-23 05:49:09
1499,Segun Obi,segun.obi1499@example.com,08165927729,Onitsha,Anambra,2024-03-22 11:36:33
1500,Tolu Ojo,tolu.ojo1500@example.com,08165769782,Awka,Anambra,2025-02-07 01:39:33
1501,Funke Ade,funke.ade1501@example.com,09035000474,Abeokuta,Ogun,2024-07-16 18:34:22
1502,Damilola Adeyemi,damilola.adeyemi1502@example.com,08035226598,Nnewi,Anambra,2024-12-30 18:22:18
1503,Damilola Anyanwu,damilola.anyanwu1503@example.com,08161858606,Benin City,Edo,2024-11-01 14:58:57
1504,Ifeoma Nwosu,ifeoma.nwosu1504@example.com,08052188116,Kaduna,Kaduna,2024-09-15 07:39:07
1505,Uche Bello,uche.bello1505@example.com,08169087117,Asaba,Delta,2025-05-28 09:20:47
1506,Chioma Onyeka,chioma.onyeka1506@example.com,09062610429,Abuja,FCT,2023-11-23 18:18:49
1507,Ikenna Bello,ikenna.bello1507@example.com,08059569305,Benin City,Edo,2024-03-02 16:11:54
1508,Uche Afolabi,uche.afolabi1508@example.com,08071053692,Port Harcourt,Rivers,2025-07-20 22:12:45
1509,Uche Ojo,uche.ojo1509@example.com,08103146857,Abeokuta,Ogun,2024-05-31 20:59:57
1510,Chukwudi Chukwu,chukwudi.chukwu1510@example.com,09033165675,Abuja,FCT,2024-08-18 05:16:17
1511,Ifeoma Nnamdi,ifeoma.nnamdi1511@example.com,08163462700,Owerri,Imo,2024-02-27 01:51:35
1512,Yusuf Eze,yusuf.eze1512@example.com,08101892964,Awka,Anambra,2024-06-04 04:05:53
1513,Funke Ogunleye,funke.ogunleye1513@example.com,08033636741,Ibadan,Oyo,2024-09-13 19:25:28
1514,Funke Bello,funke.bello1514@example.com,08075059504,Owerri,Imo,2025-03-28 09:32:26
1515,Segun Mohammed,segun.mohammed1515@example.com,08074467929,Enugu,Enugu,2025-04-19 07:20:12
1516,Ngozi Bello,ngozi.bello1516@example.com,09065280354,Abeokuta,Ogun,2025-07-11 12:33:28
1517,Obinna Chukwu,obinna.chukwu1517@example.com,08058532683,Abeokuta,Ogun,2025-04-10 05:40:58
1518,Segun Abubakar,segun.abubakar1518@example.com,08072360554,Asaba,Delta,2024-06-18 09:36:19
1519,Amaka Lawal,amaka.lawal1519@example.com,09037371649,Enugu,Enugu,2025-02-17 15:36:53
1520,Emeka Afolabi,emeka.afolabi1520@example.com,08104733626,Ibadan,Oyo,2024-02-28 11:15:17
1521,Ngozi Bello,ngozi.bello1521@example.com,09036147286,Awka,Anambra,2023-12-31 19:16:38
1522,Kemi Nnamdi,kemi.nnamdi1522@example.com,09039685067,Ikeja,Lagos,2024-01-24 00:10:17
1523,Oluchi Balogun,oluchi.balogun1523@example.com,08101857098,Abuja,FCT,2025-07-13 08:33:55
1524,Nneka Ade,nneka.ade1524@example.com,09036623692,Onitsha,Anambra,2025-05-24 13:02:20
1525,Kelechi Lawal,kelechi.lawal1525@example.com,08135525998,Port Harcourt,Rivers,2023-10-11 08:52:25
1526,Blessing Bello,blessing.bello1526@example.com,08072070271,Port Harcourt,Rivers,2025-04-08 19:44:23
1527,Aisha Eze,aisha.eze1527@example.com,08169929612,Lagos,Lagos,2023-11-13 04:18:11
1528,Emeka Onyeka,emeka.onyeka1528@example.com,08039163309,Awka,Anambra,2025-08-21 23:57:04
1529,Chinedu Eze,chinedu.eze1529@example.com,08101777031,Port Harcourt,Rivers,2023-11-03 07:00:04
1530,Musa Anyanwu,musa.anyanwu1530@example.com,08032673555,Enugu,Enugu,2024-08-20 12:50:25
1531,Chukwudi Ibe,chukwudi.ibe1531@example.com,08055226042,Lagos,Lagos,2024-06-03 22:40:44
1532,Nneka Okafor,nneka.okafor1532@example.com,08138733539,Kano,Kano,2023-11-24 20:42:28
1533,Tolu Onyeka,tolu.onyeka1533@example.com,08055274820,Ikeja,Lagos,2024-11-19 03:12:47
1534,Kelechi Anyanwu,kelechi.anyanwu1534@example.com,08056957465,Ikeja,Lagos,2025-08-16 18:12:33
1535,Uche Nnamdi,uche.nnamdi1535@example.com,08162463665,Enugu,Enugu,2024-09-08 00:26:32
1536,Aisha Afolabi,aisha.afolabi1536@example.com,08053048905,Ibadan,Oyo,2024-10-20 20:37:40
1537,Musa Obi,musa.obi1537@example.com,08134834435,Kaduna,Kaduna,2023-10-07 14:38:45
1538,Ngozi Adeyemi,ngozi.adeyemi1538@example.com,08161323617,Asaba,Delta,2024-07-01 09:09:31
1539,Halima Ibe,halima.ibe1539@example.com,09062988328,Benin City,Edo,2024-10-13 15:18:23
1540,Tolu Chukwu,tolu.chukwu1540@example.com,08135814087,Lagos,Lagos,2025-07-24 16:31:47
1541,Damilola Nnamdi,damilola.nnamdi1541@example.com,08074982149,Onitsha,Anambra,2025-07-19 06:16:07
1542,Chinedu Bello,chinedu.bello1542@example.com,08033867781,Nnewi,Anambra,2024-04-07 10:03:34
1543,Ifeoma Afolabi,ifeoma.afolabi1543@example.com,08076984979,Ibadan,Oyo,2024-08-03 05:54:46
1544,Nneka Ade,nneka.ade1544@example.com,08074387051,Ikeja,Lagos,2024-07-20 17:03:37
1545,Segun Mohammed,segun.mohammed1545@example.com,08038800029,Kaduna,Kaduna,2024-01-26 04:18:38
1546,Zainab Lawal,zainab.lawal1546@example.com,08032162235,Asaba,Delta,2025-03-15 23:05:40
1547,Kelechi Sanni,kelechi.sanni1547@example.com,09031639508,Nnewi,Anambra,2025-02-09 19:00:19
1548,Nneka Nnamdi,nneka.nnamdi1548@example.com,08132928635,Owerri,Imo,2025-03-30 22:51:46
1549,Nneka Mohammed,nneka.mohammed1549@example.com,09068155788,Abuja,FCT,2025-04-04 02:24:06
1550,Nneka Adeyemi,nneka.adeyemi1550@example.com,09035193382,Asaba,Delta,2024-11-27 23:18:13
1551,Oluchi Chukwu,oluchi.chukwu1551@example.com,08057262998,Owerri,Imo,2025-06-13 22:03:51
1552,Tunde Sanni,tunde.sanni1552@example.com,09066618769,Kano,Kano,2024-12-30 04:21:13
1553,Ngozi Afolabi,ngozi.afolabi1553@example.com,09036299196,Kaduna,Kaduna,2025-02-12 17:01:44
1554,Tolu Lawal,tolu.lawal1554@example.com,08078802149,Abuja,FCT,2025-08-27 05:54:24
1555,Funke Balogun,funke.balogun1555@example.com,08038736289,Kano,Kano,2025-07-15 21:30:09
1556,Ebuka Umeh,ebuka.umeh1556@example.com,08055195816,Kano,Kano,2025-03-13 17:47:49
1557,Ikenna Chukwu,ikenna.chukwu1557@example.com,08106297283,Ikeja,Lagos,2025-03-01 15:16:18
1558,Uche Ade,uche.ade1558@example.com,08033796544,Ikeja,Lagos,2023-10-06 20:25:00
1559,Bisi Igwe,bisi.igwe1559@example.com,09036186185,Enugu,Enugu,2025-04-05 17:12:30
1560,Segun Nwosu,segun.nwosu1560@example.com,08131404318,Port Harcourt,Rivers,2024-10-27 19:48:28
1561,Bisi Ade,bisi.ade1561@example.com,08077758170,Nnewi,Anambra,2024-08-27 13:55:23
1562,Nneka Eze,nneka.eze1562@example.com,08106215899,Ibadan,Oyo,2024-07-04 19:07:54
1563,Segun Bello,segun.bello1563@example.com,08079793210,Owerri,Imo,2025-05-21 07:51:48
1564,Halima Afolabi,halima.afolabi1564@example.com,08137689281,Abuja,FCT,2024-12-28 05:57:59
1565,Halima Bello,halima.bello1565@example.com,08058854641,Nnewi,Anambra,2025-06-13 23:05:56
1566,Bisi Ojo,bisi.ojo1566@example.com,09035851862,Nnewi,Anambra,2025-01-01 19:30:04
1567,Tunde Bello,tunde.bello1567@example.com,08077373314,Kano,Kano,2024-09-01 00:38:05
1568,Ngozi Lawal,ngozi.lawal1568@example.com,08037732320,Enugu,Enugu,2024-03-25 09:13:47
1569,Tolu Afolabi,tolu.afolabi1569@example.com,08055179668,Benin City,Edo,2024-12-10 15:15:08
1570,Funke Afolabi,funke.afolabi1570@example.com,08052324139,Kaduna,Kaduna,2025-02-08 08:05:59
1571,Bisi Bello,bisi.bello1571@example.com,09064378016,Owerri,Imo,2024-04-23 13:49:04
1572,Kelechi Obi,kelechi.obi1572@example.com,09034991807,Port Harcourt,Rivers,2024-04-01 08:30:18
1573,Chioma Ibe,chioma.ibe1573@example.com,09039759548,Ikeja,Lagos,2024-02-15 01:05:26
1574,Uche Obi,uche.obi1574@example.com,08107485998,Kano,Kano,2024-07-15 00:47:21
1575,Yusuf Afolabi,yusuf.afolabi1575@example.com,08074181634,Ikeja,Lagos,2024-03-29 15:50:57
1576,Ebuka Danjuma,ebuka.danjuma1576@example.com,09061881841,Owerri,Imo,2023-12-15 14:07:11
1577,Yusuf Umeh,yusuf.umeh1577@example.com,09031431057,Benin City,Edo,2024-01-03 15:55:28
1578,Chioma Ogunleye,chioma.ogunleye1578@example.com,09065671134,Kano,Kano,2024-10-04 06:40:59
1579,Nneka Nwosu,nneka.nwosu1579@example.com,08104398431,Awka,Anambra,2025-03-23 03:31:10
1580,Nneka Nnamdi,nneka.nnamdi1580@example.com,08034544318,Ibadan,Oyo,2025-03-15 00:41:16
1581,Chukwudi Umeh,chukwudi.umeh1581@example.com,08107291995,Abuja,FCT,2024-10-27 20:14:52
1582,Aisha Afolabi,aisha.afolabi1582@example.com,08071939058,Enugu,Enugu,2024-08-23 11:30:34
1583,Ifeoma Ibe,ifeoma.ibe1583@example.com,08079400956,Onitsha,Anambra,2025-02-15 12:45:12
1584,Nneka Bello,nneka.bello1584@example.com,08161065117,Port Harcourt,Rivers,2024-04-11 05:01:43
1585,Nneka Nwosu,nneka.nwosu1585@example.com,09067355768,Nnewi,Anambra,2025-03-29 16:25:47
1586,Chioma Ojo,chioma.ojo1586@example.com,09066144729,Enugu,Enugu,2024-08-14 02:16:30
1587,Adaeze Afolabi,adaeze.afolabi1587@example.com,08036858070,Enugu,Enugu,2025-08-20 08:30:36
1588,Chioma Abubakar,chioma.abubakar1588@example.com,09038976584,Awka,Anambra,2023-11-13 08:33:53
1589,Femi Mohammed,femi.mohammed1589@example.com,09069809713,Ikeja,Lagos,2024-02-16 09:08:11
1590,Obinna Afolabi,obinna.afolabi1590@example.com,08056118259,Asaba,Delta,2025-01-19 03:02:45
1591,Emeka Mohammed,emeka.mohammed1591@example.com,08137133231,Asaba,Delta,2023-10-11 01:44:44
1592,Chinedu Lawal,chinedu.lawal1592@example.com,08056840847,Awka,Anambra,2024-06-19 18:50:00
1593,Tolu Abubakar,tolu.abubakar1593@example.com,08058728315,Port Harcourt,Rivers,2024-03-06 23:26:53
1594,Tolu Lawal,tolu.lawal1594@example.com,09031468527,Kano,Kano,2024-03-23 04:35:50
1595,Chioma Afolabi,chioma.afolabi1595@example.com,08036935439,Port Harcourt,Rivers,2023-11-03 03:51:35
1596,Amaka Eze,amaka.eze1596@example.com,08162113757,Kano,Kano,2024-04-30 14:47:57
1597,Ibrahim Onyeka,ibrahim.onyeka1597@example.com,08038064422,Owerri,Imo,2025-06-10 16:47:17
1598,Kemi Ogunleye,kemi.ogunleye1598@example.com,08168613069,Lagos,Lagos,2024-03-09 03:06:06
1599,Damilola Igwe,damilola.igwe1599@example.com,08036333715,Ibadan,Oyo,2024-01-02 02:40:28
1600,Adaeze Ade,adaeze.ade1600@example.com,09062141146,Benin City,Edo,2023-11-17 03:10:05
1601,Aisha Ade,aisha.ade1601@example.com,08031473238,Onitsha,Anambra,2023-11-16 05:55:26
1602,Tolu Ade,tolu.ade1602@example.com,09035133793,Abeokuta,Ogun,2024-08-14 06:38:48
1603,Ebuka Umeh,ebuka.umeh1603@example.com,08162170961,Lagos,Lagos,2025-01-01 14:09:04
1604,Aisha Sanni,aisha.sanni1604@example.com,08074864927,Onitsha,Anambra,2024-01-19 03:34:27
1605,Chukwudi Balogun,chukwudi.balogun1605@example.com,09065566967,Onitsha,Anambra,2024-03-14 14:23:55
1606,Ifeoma Sanni,ifeoma.sanni1606@example.com,08102446195,Ibadan,Oyo,2024-06-02 01:49:19
1607,Ebuka Igwe,ebuka.igwe1607@example.com,08031693964,Port Harcourt,Rivers,2024-09-10 21:25:30
1608,Uche Abubakar,uche.abubakar1608@example.com,08136520804,Kano,Kano,2024-05-16 17:58:19
1609,Uche Bello,uche.bello1609@example.com,08032243704,Ikeja,Lagos,2023-12-11 08:26:17
1610,Ikenna Nnamdi,ikenna.nnamdi1610@example.com,08105927676,Ikeja,Lagos,2025-06-16 14:11:10
1611,Kemi Anyanwu,kemi.anyanwu1611@example.com,09035598448,Ibadan,Oyo,2025-07-12 16:52:53
1612,Obinna Sanni,obinna.sanni1612@example.com,08105635249,Port Harcourt,Rivers,2025-01-31 00:23:44
1613,Emeka Nnamdi,emeka.nnamdi1613@example.com,09065242900,Awka,Anambra,2024-03-28 01:03:09
1614,Uche Nwosu,uche.nwosu1614@example.com,08164757470,Ibadan,Oyo,2024-12-01 09:32:55
1615,Ebuka Nwosu,ebuka.nwosu1615@example.com,08075158068,Owerri,Imo,2023-12-30 00:19:59
1616,Amaka Igwe,amaka.igwe1616@example.com,09038589897,Abeokuta,Ogun,2025-05-10 13:36:05
1617,Chinedu Adeyemi,chinedu.adeyemi1617@example.com,09033615583,Lagos,Lagos,2025-04-19 23:07:02
1618,Emeka Obi,emeka.obi1618@example.com,08169344874,Owerri,Imo,2025-04-25 03:01:44
1619,Bisi Ibe,bisi.ibe1619@example.com,08103512378,Abuja,FCT,2024-01-01 22:31:33
1620,Blessing Lawal,blessing.lawal1620@example.com,09062854137,Awka,Anambra,2024-12-19 17:19:50
1621,Bisi Abubakar,bisi.abubakar1621@example.com,08137441542,Abuja,FCT,2025-05-01 08:11:06
1622,Ibrahim Anyanwu,ibrahim.anyanwu1622@example.com,08104157182,Benin City,Edo,2024-12-14 04:39:11
1623,Musa Okafor,musa.okafor1623@example.com,09062426620,Asaba,Delta,2025-01-29 12:29:35
1624,Adaeze Igwe,adaeze.igwe1624@example.com,08106574847,Kano,Kano,2024-08-19 17:19:23
1625,Ngozi Ibe,ngozi.ibe1625@example.com,08102277309,Kano,Kano,2024-04-08 05:31:36
1626,Yusuf Okeke,yusuf.okeke1626@example.com,08052175375,Ibadan,Oyo,2024-08-31 07:07:22
1627,Tolu Okafor,tolu.okafor1627@example.com,08079227553,Kano,Kano,2023-10-26 22:38:32
1628,Zainab Ogunleye,zainab.ogunleye1628@example.com,08166822661,Owerri,Imo,2025-06-11 11:50:08
1629,Oluchi Abubakar,oluchi.abubakar1629@example.com,09065382438,Kaduna,Kaduna,2024-07-09 12:30:41
1630,Bisi Bello,bisi.bello1630@example.com,09033390662,Abuja,FCT,2025-02-13 11:44:04
1631,Aisha Igwe,aisha.igwe1631@example.com,08039041996,Port Harcourt,Rivers,2025-02-07 03:34:40
1632,Uche Adeyemi,uche.adeyemi1632@example.com,08056695257,Kaduna,Kaduna,2025-01-11 08:49:52
1633,Kemi Chukwu,kemi.chukwu1633@example.com,09037100021,Kaduna,Kaduna,2023-10-09 05:29:35
1634,Uche Ojo,uche.ojo1634@example.com,08053792189,Kano,Kano,2024-10-13 15:51:15
1635,Femi Nwosu,femi.nwosu1635@example.com,08136013356,Enugu,Enugu,2025-03-14 05:25:30
1636,Uche Balogun,uche.balogun1636@example.com,08107424218,Abeokuta,Ogun,2024-12-10 01:33:14
1637,Chioma Umeh,chioma.umeh1637@example.com,09064791567,Awka,Anambra,2025-05-22 22:44:42
1638,Yusuf Onyeka,yusuf.onyeka1638@example.com,08075625926,Enugu,Enugu,2024-05-27 21:58:00
1639,Segun Obi,segun.obi1639@example.com,08059388736,Abeokuta,Ogun,2025-01-03 14:28:36
1640,Uche Anyanwu,uche.anyanwu1640@example.com,08037992471,Nnewi,Anambra,2025-02-09 04:26:57
1641,Musa Bello,musa.bello1641@example.com,08055001361,Port Harcourt,Rivers,2025-03-28 08:20:55
1642,Kemi Balogun,kemi.balogun1642@example.com,08078097762,Enugu,Enugu,2024-06-26 21:39:44
1643,Segun Afolabi,segun.afolabi1643@example.com,08073275687,Port Harcourt,Rivers,2024-02-22 21:37:01
1644,Chukwudi Ade,chukwudi.ade1644@example.com,08057793746,Asaba,Delta,2024-10-09 07:40:57
1645,Tunde Ade,tunde.ade1645@example.com,09038427365,Port Harcourt,Rivers,2025-07-18 04:18:00
1646,Bisi Nnamdi,bisi.nnamdi1646@example.com,08161968281,Asaba,Delta,2025-07-22 08:41:09
1647,Ibrahim Adeyemi,ibrahim.adeyemi1647@example.com,08169827933,Ikeja,Lagos,2023-10-22 08:54:29
1648,Damilola Bello,damilola.bello1648@example.com,08057792645,Onitsha,Anambra,2024-12-20 11:17:31
1649,Nneka Abubakar,nneka.abubakar1649@example.com,08035539572,Abeokuta,Ogun,2024-06-06 01:48:12
1650,Kemi Ogunleye,kemi.ogunleye1650@example.com,08109505768,Nnewi,Anambra,2025-03-18 20:48:36
1651,Chukwudi Okafor,chukwudi.okafor1651@example.com,08133098131,Ibadan,Oyo,2024-10-27 21:58:58
1652,Chinedu Danjuma,chinedu.danjuma1652@example.com,08073970795,Abuja,FCT,2024-07-13 13:26:26
1653,Ibrahim Okafor,ibrahim.okafor1653@example.com,08136020004,Enugu,Enugu,2025-06-12 07:46:01
1654,Bisi Afolabi,bisi.afolabi1654@example.com,09036308933,Lagos,Lagos,2025-08-07 04:13:42
1655,Segun Mohammed,segun.mohammed1655@example.com,09066524803,Onitsha,Anambra,2024-12-02 15:38:21
1656,Ibrahim Mohammed,ibrahim.mohammed1656@example.com,08102350697,Kano,Kano,2024-12-18 15:53:16
1657,Ngozi Sanni,ngozi.sanni1657@example.com,08053377563,Kano,Kano,2023-10-12 18:25:03
1658,Blessing Lawal,blessing.lawal1658@example.com,08103848461,Benin City,Edo,2024-12-07 12:55:21
1659,Kemi Nwosu,kemi.nwosu1659@example.com,08135964913,Benin City,Edo,2023-11-24 07:12:41
1660,Blessing Ibe,blessing.ibe1660@example.com,09062637079,Abuja,FCT,2023-11-24 11:05:54
1661,Amaka Ade,amaka.ade1661@example.com,08104621552,Benin City,Edo,2024-12-19 04:13:34
1662,Aisha Afolabi,aisha.afolabi1662@example.com,08039127352,Asaba,Delta,2025-06-05 23:45:16
1663,Chukwudi Afolabi,chukwudi.afolabi1663@example.com,08161849458,Asaba,Delta,2024-03-02 16:41:05
1664,Chinedu Anyanwu,chinedu.anyanwu1664@example.com,09063711206,Nnewi,Anambra,2024-10-27 19:01:38
1665,Damilola Mohammed,damilola.mohammed1665@example.com,08138531348,Asaba,Delta,2025-03-31 08:00:12
1666,Ibrahim Mohammed,ibrahim.mohammed1666@example.com,08033749391,Benin City,Edo,2023-12-11 04:44:37
1667,Aisha Ogunleye,aisha.ogunleye1667@example.com,08163598049,Abeokuta,Ogun,2023-12-02 16:39:43
1668,Uche Balogun,uche.balogun1668@example.com,08109408861,Kaduna,Kaduna,2024-08-03 16:40:33
1669,Blessing Danjuma,blessing.danjuma1669@example.com,08074918763,Awka,Anambra,2025-04-22 23:59:38
1670,Musa Nnamdi,musa.nnamdi1670@example.com,09033793921,Abuja,FCT,2025-01-14 16:18:51
1671,Blessing Afolabi,blessing.afolabi1671@example.com,09037367925,Owerri,Imo,2024-12-23 17:22:13
1672,Blessing Sanni,blessing.sanni1672@example.com,08038875499,Owerri,Imo,2024-04-04 15:39:53
1673,Musa Okafor,musa.okafor1673@example.com,08054899606,Onitsha,Anambra,2024-07-15 23:15:11
1674,Yusuf Ibe,yusuf.ibe1674@example.com,08055622000,Ikeja,Lagos,2024-10-17 00:05:14
1675,Chioma Ibe,chioma.ibe1675@example.com,08057600640,Enugu,Enugu,2024-10-10 05:32:17
1676,Tunde Afolabi,tunde.afolabi1676@example.com,08108721190,Asaba,Delta,2025-05-17 11:48:30
1677,Funke Balogun,funke.balogun1677@example.com,08073605550,Kano,Kano,2024-07-24 00:31:29
1678,Amaka Anyanwu,amaka.anyanwu1678@example.com,08138206168,Ikeja,Lagos,2025-06-08 14:08:04
1679,Funke Danjuma,funke.danjuma1679@example.com,08057603293,Kaduna,Kaduna,2024-07-04 04:38:26
1680,Tunde Ogunleye,tunde.ogunleye1680@example.com,08139164662,Owerri,Imo,2024-04-21 11:54:34
1681,Aisha Chukwu,aisha.chukwu1681@example.com,08057607640,Benin City,Edo,2024-01-21 19:13:02
1682,Halima Eze,halima.eze1682@example.com,08102955647,Enugu,Enugu,2023-11-02 11:50:19
1683,Blessing Eze,blessing.eze1683@example.com,08138914765,Ikeja,Lagos,2025-08-14 20:43:25
1684,Uche Balogun,uche.balogun1684@example.com,08166146367,Lagos,Lagos,2024-07-02 00:28:03
1685,Zainab Okafor,zainab.okafor1685@example.com,08051054632,Onitsha,Anambra,2024-08-30 04:47:58
1686,Nneka Chukwu,nneka.chukwu1686@example.com,08036741106,Owerri,Imo,2024-02-17 09:19:47
1687,Ifeoma Adeyemi,ifeoma.adeyemi1687@example.com,08135042746,Benin City,Edo,2024-10-17 06:06:50
1688,Halima Ojo,halima.ojo1688@example.com,08039592585,Benin City,Edo,2024-01-25 20:01:58
1689,Ifeoma Onyeka,ifeoma.onyeka1689@example.com,08057668635,Ibadan,Oyo,2025-08-18 04:58:50
1690,Tunde Nnamdi,tunde.nnamdi1690@example.com,09037160770,Onitsha,Anambra,2025-01-25 10:34:28
1691,Ibrahim Ojo,ibrahim.ojo1691@example.com,08079556958,Kano,Kano,2024-08-23 01:22:56
1692,Adaeze Nnamdi,adaeze.nnamdi1692@example.com,08074412873,Port Harcourt,Rivers,2025-07-14 11:04:38
1693,Halima Sanni,halima.sanni1693@example.com,08165375887,Abuja,FCT,2025-01-18 17:05:54
1694,Emeka Anyanwu,emeka.anyanwu1694@example.com,08137915019,Enugu,Enugu,2025-05-21 19:49:12
1695,Oluchi Nwosu,oluchi.nwosu1695@example.com,08165422698,Ibadan,Oyo,2024-06-22 17:03:01
1696,Halima Afolabi,halima.afolabi1696@example.com,08135574797,Abeokuta,Ogun,2024-04-17 21:37:28
1697,Amaka Ibe,amaka.ibe1697@example.com,08108859178,Ikeja,Lagos,2024-05-23 15:34:05
1698,Chukwudi Bello,chukwudi.bello1698@example.com,08051091631,Abuja,FCT,2023-10-21 03:00:44
1699,Damilola Umeh,damilola.umeh1699@example.com,08169132377,Port Harcourt,Rivers,2023-10-26 04:29:24
1700,Chukwudi Ibe,chukwudi.ibe1700@example.com,08052822464,Owerri,Imo,2024-11-29 12:00:09
1701,Segun Bello,segun.bello1701@example.com,08133163125,Abeokuta,Ogun,2023-10-17 12:02:42
1702,Blessing Danjuma,blessing.danjuma1702@example.com,08059364169,Ibadan,Oyo,2024-08-20 08:39:29
1703,Oluchi Obi,oluchi.obi1703@example.com,08133097341,Benin City,Edo,2024-07-11 02:58:15
1704,Obinna Eze,obinna.eze1704@example.com,08104143419,Onitsha,Anambra,2025-07-01 22:38:10
1705,Halima Sanni,halima.sanni1705@example.com,09065353042,Abeokuta,Ogun,2024-12-28 03:08:12
1706,Funke Adeyemi,funke.adeyemi1706@example.com,08101995194,Ikeja,Lagos,2025-05-07 09:42:04
1707,Zainab Ojo,zainab.ojo1707@example.com,08104138959,Port Harcourt,Rivers,2024-11-28 03:57:56
1708,Damilola Okeke,damilola.okeke1708@example.com,08139735044,Ikeja,Lagos,2023-11-09 02:02:47
1709,Halima Umeh,halima.umeh1709@example.com,08073901606,Awka,Anambra,2024-10-25 09:43:43
1710,Nneka Afolabi,nneka.afolabi1710@example.com,09066013681,Enugu,Enugu,2025-02-22 04:26:02
1711,Emeka Okeke,emeka.okeke1711@example.com,08137940773,Asaba,Delta,2025-05-05 05:49:43
1712,Halima Adeyemi,halima.adeyemi1712@example.com,09037467043,Ibadan,Oyo,2024-02-03 16:27:08
1713,Funke Danjuma,funke.danjuma1713@example.com,08135255694,Port Harcourt,Rivers,2024-05-01 18:46:25
1714,Femi Abubakar,femi.abubakar1714@example.com,08038389362,Owerri,Imo,2025-04-01 10:25:19
1715,Aisha Mohammed,aisha.mohammed1715@example.com,08139247678,Abeokuta,Ogun,2024-11-21 16:58:33
1716,Kemi Abubakar,kemi.abubakar1716@example.com,08071161680,Lagos,Lagos,2025-07-09 00:57:05
1717,Adaeze Okafor,adaeze.okafor1717@example.com,09068574074,Enugu,Enugu,2025-01-28 10:48:27
1718,Ebuka Ojo,ebuka.ojo1718@example.com,08036401040,Nnewi,Anambra,2025-05-10 18:11:36
1719,Yusuf Balogun,yusuf.balogun1719@example.com,08108005505,Onitsha,Anambra,2025-08-14 22:08:10
1720,Kemi Lawal,kemi.lawal1720@example.com,08102378298,Port Harcourt,Rivers,2025-01-20 11:09:51
1721,Ikenna Danjuma,ikenna.danjuma1721@example.com,09039023666,Enugu,Enugu,2024-10-15 12:14:31
1722,Damilola Umeh,damilola.umeh1722@example.com,09062709095,Nnewi,Anambra,2024-07-18 18:23:20
1723,Zainab Bello,zainab.bello1723@example.com,08053874520,Abuja,FCT,2024-12-08 00:22:12
1724,Chinedu Balogun,chinedu.balogun1724@example.com,08167241051,Onitsha,Anambra,2024-03-29 09:43:26
1725,Ngozi Nnamdi,ngozi.nnamdi1725@example.com,08135571071,Benin City,Edo,2025-02-05 03:50:13
1726,Damilola Chukwu,damilola.chukwu1726@example.com,08078681434,Asaba,Delta,2024-03-17 12:54:28
1727,Chioma Afolabi,chioma.afolabi1727@example.com,08076220040,Nnewi,Anambra,2025-05-10 18:55:34
1728,Chukwudi Mohammed,chukwudi.mohammed1728@example.com,08038377089,Kaduna,Kaduna,2023-12-17 03:12:24
1729,Femi Ade,femi.ade1729@example.com,08034641882,Port Harcourt,Rivers,2023-12-19 07:10:01
1730,Kemi Chukwu,kemi.chukwu1730@example.com,08131125438,Owerri,Imo,2025-02-11 18:02:15
1731,Adaeze Nnamdi,adaeze.nnamdi1731@example.com,09037681780,Port Harcourt,Rivers,2024-06-10 14:23:31
1732,Aisha Okeke,aisha.okeke1732@example.com,08032154830,Kaduna,Kaduna,2024-09-17 11:04:55
1733,Chinedu Abubakar,chinedu.abubakar1733@example.com,08168907090,Nnewi,Anambra,2024-09-28 03:18:08
1734,Kelechi Balogun,kelechi.balogun1734@example.com,08167613134,Kaduna,Kaduna,2024-06-16 06:53:20
1735,Halima Danjuma,halima.danjuma1735@example.com,08071524187,Awka,Anambra,2024-03-05 04:54:04
1736,Obinna Igwe,obinna.igwe1736@example.com,09062310113,Onitsha,Anambra,2025-01-02 18:19:56
1737,Oluchi Ibe,oluchi.ibe1737@example.com,08165441399,Awka,Anambra,2024-01-21 18:31:20
1738,Chukwudi Igwe,chukwudi.igwe1738@example.com,08108630995,Nnewi,Anambra,2025-05-18 17:46:25
1739,Yusuf Bello,yusuf.bello1739@example.com,08132137158,Owerri,Imo,2025-02-22 01:45:42
1740,Funke Okafor,funke.okafor1740@example.com,08056933643,Kano,Kano,2025-04-08 03:24:16
1741,Damilola Lawal,damilola.lawal1741@example.com,08167175619,Kano,Kano,2024-06-27 10:39:55
1742,Kemi Okeke,kemi.okeke1742@example.com,08107006542,Kano,Kano,2024-11-11 01:47:23
1743,Segun Balogun,segun.balogun1743@example.com,08165671748,Abuja,FCT,2024-02-08 04:44:36
1744,Halima Mohammed,halima.mohammed1744@example.com,08166826806,Kano,Kano,2025-01-03 00:06:13
1745,Femi Igwe,femi.igwe1745@example.com,08052173911,Port Harcourt,Rivers,2025-02-05 02:36:10
1746,Chukwudi Mohammed,chukwudi.mohammed1746@example.com,08057318837,Onitsha,Anambra,2023-10-22 18:22:11
1747,Ebuka Adeyemi,ebuka.adeyemi1747@example.com,09033019068,Port Harcourt,Rivers,2024-10-16 05:07:05
1748,Ifeoma Afolabi,ifeoma.afolabi1748@example.com,08037284386,Nnewi,Anambra,2025-05-20 03:26:25
1749,Zainab Anyanwu,zainab.anyanwu1749@example.com,08077137069,Onitsha,Anambra,2024-08-10 19:32:10
1750,Segun Eze,segun.eze1750@example.com,09038151528,Enugu,Enugu,2023-10-17 20:48:35
1751,Ebuka Bello,ebuka.bello1751@example.com,09063255469,Benin City,Edo,2023-11-18 08:23:17
1752,Aisha Mohammed,aisha.mohammed1752@example.com,08137114961,Kano,Kano,2024-11-18 23:11:37
1753,Uche Balogun,uche.balogun1753@example.com,09033464578,Lagos,Lagos,2024-05-05 10:36:27
1754,Funke Mohammed,funke.mohammed1754@example.com,08109079946,Abuja,FCT,2025-04-28 16:49:42
1755,Tolu Nnamdi,tolu.nnamdi1755@example.com,09039908421,Ibadan,Oyo,2024-05-14 09:06:52
1756,Adaeze Balogun,adaeze.balogun1756@example.com,08165450732,Kaduna,Kaduna,2024-12-16 21:30:37
1757,Damilola Balogun,damilola.balogun1757@example.com,08139785970,Awka,Anambra,2024-12-12 19:18:29
1758,Segun Mohammed,segun.mohammed1758@example.com,09067467152,Benin City,Edo,2025-04-10 05:59:22
1759,Chinedu Ogunleye,chinedu.ogunleye1759@example.com,08164076745,Awka,Anambra,2025-03-08 01:48:40
1760,Ifeoma Afolabi,ifeoma.afolabi1760@example.com,08136882957,Benin City,Edo,2025-07-14 23:59:28
1761,Yusuf Ibe,yusuf.ibe1761@example.com,08054749637,Onitsha,Anambra,2025-04-15 12:18:53
1762,Zainab Eze,zainab.eze1762@example.com,08031666321,Enugu,Enugu,2024-04-08 19:33:05
1763,Yusuf Ogunleye,yusuf.ogunleye1763@example.com,08034317337,Lagos,Lagos,2024-08-25 16:45:18
1764,Amaka Balogun,amaka.balogun1764@example.com,08135699898,Lagos,Lagos,2025-07-07 07:06:39
1765,Ikenna Ogunleye,ikenna.ogunleye1765@example.com,08103514476,Port Harcourt,Rivers,2023-12-23 16:50:29
1766,Aisha Igwe,aisha.igwe1766@example.com,08134472635,Benin City,Edo,2025-06-17 02:04:51
1767,Tunde Eze,tunde.eze1767@example.com,09069396063,Port Harcourt,Rivers,2024-05-06 20:16:24
1768,Segun Nwosu,segun.nwosu1768@example.com,08133756365,Ibadan,Oyo,2024-04-15 16:38:14
1769,Ebuka Onyeka,ebuka.onyeka1769@example.com,08076377930,Asaba,Delta,2024-09-21 09:32:29
1770,Chioma Nwosu,chioma.nwosu1770@example.com,08165940511,Onitsha,Anambra,2023-11-07 10:01:38
1771,Zainab Mohammed,zainab.mohammed1771@example.com,08139282259,Enugu,Enugu,2024-03-26 08:47:50
1772,Amaka Ibe,amaka.ibe1772@example.com,08035639747,Ikeja,Lagos,2024-03-07 15:29:12
1773,Femi Ade,femi.ade1773@example.com,08074395770,Kano,Kano,2024-01-31 04:13:34
1774,Blessing Sanni,blessing.sanni1774@example.com,08072751835,Port Harcourt,Rivers,2024-07-07 06:09:20
1775,Tolu Nwosu,tolu.nwosu1775@example.com,08137138940,Enugu,Enugu,2024-03-03 23:19:58
1776,Tunde Obi,tunde.obi1776@example.com,09065074385,Ibadan,Oyo,2023-12-17 10:22:53
1777,Segun Lawal,segun.lawal1777@example.com,08059293970,Port Harcourt,Rivers,2024-10-17 17:15:47
1778,Aisha Eze,aisha.eze1778@example.com,08076695873,Kano,Kano,2024-10-27 02:42:51
1779,Chioma Nnamdi,chioma.nnamdi1779@example.com,08107741088,Kano,Kano,2024-12-04 19:35:37
1780,Yusuf Anyanwu,yusuf.anyanwu1780@example.com,09064994959,Kano,Kano,2023-11-04 19:42:51
1781,Ibrahim Lawal,ibrahim.lawal1781@example.com,09036492898,Benin City,Edo,2025-08-25 22:10:13
1782,Bisi Umeh,bisi.umeh1782@example.com,08163190834,Port Harcourt,Rivers,2025-06-28 12:37:25
1783,Uche Ogunleye,uche.ogunleye1783@example.com,08137650965,Abeokuta,Ogun,2025-04-09 10:58:00
1784,Ibrahim Danjuma,ibrahim.danjuma1784@example.com,08052636473,Kano,Kano,2025-03-04 11:38:03
1785,Bisi Umeh,bisi.umeh1785@example.com,08034572759,Kaduna,Kaduna,2025-01-12 20:11:37
1786,Ifeoma Umeh,ifeoma.umeh1786@example.com,09062581427,Abeokuta,Ogun,2025-04-09 07:06:18
1787,Musa Adeyemi,musa.adeyemi1787@example.com,08053381121,Owerri,Imo,2024-10-05 02:42:43
1788,Bisi Okafor,bisi.okafor1788@example.com,08163217051,Nnewi,Anambra,2025-03-25 11:09:10
1789,Amaka Okafor,amaka.okafor1789@example.com,09031010011,Port Harcourt,Rivers,2024-08-05 05:59:50
1790,Nneka Okeke,nneka.okeke1790@example.com,08038585884,Abeokuta,Ogun,2024-02-03 15:42:56
1791,Funke Okeke,funke.okeke1791@example.com,08076320797,Abeokuta,Ogun,2025-05-15 14:45:17
1792,Femi Onyeka,femi.onyeka1792@example.com,08036179017,Awka,Anambra,2024-12-02 20:33:16
1793,Bisi Anyanwu,bisi.anyanwu1793@example.com,08162076453,Nnewi,Anambra,2024-06-18 19:24:00
1794,Amaka Obi,amaka.obi1794@example.com,09037127177,Asaba,Delta,2024-06-03 20:13:54
1795,Chioma Balogun,chioma.balogun1795@example.com,09035405208,Kaduna,Kaduna,2024-06-20 06:28:52
1796,Aisha Igwe,aisha.igwe1796@example.com,09062333124,Asaba,Delta,2024-08-17 23:18:30
1797,Ikenna Abubakar,ikenna.abubakar1797@example.com,08135307682,Owerri,Imo,2024-06-12 09:04:33
1798,Amaka Igwe,amaka.igwe1798@example.com,08108567746,Owerri,Imo,2024-01-19 22:41:41
1799,Chukwudi Ade,chukwudi.ade1799@example.com,08036993653,Abeokuta,Ogun,2025-05-04 04:15:34
1800,Musa Ibe,musa.ibe1800@example.com,08168786819,Asaba,Delta,2024-05-13 03:10:32
1801,Kemi Okeke,kemi.okeke1801@example.com,08074753885,Kano,Kano,2024-05-25 06:13:35
1802,Obinna Sanni,obinna.sanni1802@example.com,08167434677,Owerri,Imo,2024-08-16 00:18:11
1803,Adaeze Sanni,adaeze.sanni1803@example.com,08078277748,Ikeja,Lagos,2023-10-08 23:02:58
1804,Ibrahim Lawal,ibrahim.lawal1804@example.com,08054071523,Benin City,Edo,2024-05-10 20:35:47
1805,Emeka Okeke,emeka.okeke1805@example.com,09069429187,Port Harcourt,Rivers,2024-08-03 18:05:06
1806,Bisi Adeyemi,bisi.adeyemi1806@example.com,09035160632,Ikeja,Lagos,2024-11-27 23:33:04
1807,Kelechi Okeke,kelechi.okeke1807@example.com,08107749899,Lagos,Lagos,2025-02-06 14:33:22
1808,Emeka Anyanwu,emeka.anyanwu1808@example.com,09039178805,Benin City,Edo,2025-01-24 23:53:00
1809,Chukwudi Nnamdi,chukwudi.nnamdi1809@example.com,08031408665,Owerri,Imo,2025-06-14 15:12:16
1810,Ibrahim Adeyemi,ibrahim.adeyemi1810@example.com,08164842094,Nnewi,Anambra,2024-01-24 04:07:20
1811,Musa Abubakar,musa.abubakar1811@example.com,08163556713,Awka,Anambra,2025-04-30 08:23:08
1812,Funke Chukwu,funke.chukwu1812@example.com,08135481655,Port Harcourt,Rivers,2025-03-27 12:32:59
1813,Oluchi Sanni,oluchi.sanni1813@example.com,09031964891,Kaduna,Kaduna,2025-03-17 02:53:10
1814,Tolu Abubakar,tolu.abubakar1814@example.com,08079671815,Ikeja,Lagos,2025-06-02 00:13:00
1815,Oluchi Chukwu,oluchi.chukwu1815@example.com,08076192073,Kaduna,Kaduna,2025-01-16 09:36:17
1816,Funke Ibe,funke.ibe1816@example.com,09066554387,Ikeja,Lagos,2025-03-31 06:41:04
1817,Chinedu Balogun,chinedu.balogun1817@example.com,08037086803,Onitsha,Anambra,2023-11-02 15:07:27
1818,Chukwudi Mohammed,chukwudi.mohammed1818@example.com,08163536755,Ikeja,Lagos,2025-06-05 05:48:31
1819,Yusuf Lawal,yusuf.lawal1819@example.com,09039992032,Port Harcourt,Rivers,2025-02-05 13:21:01
1820,Bisi Onyeka,bisi.onyeka1820@example.com,09068519505,Awka,Anambra,2025-02-09 21:45:02
1821,Tolu Igwe,tolu.igwe1821@example.com,09038971908,Ikeja,Lagos,2024-12-16 06:15:37
1822,Amaka Anyanwu,amaka.anyanwu1822@example.com,08107347504,Onitsha,Anambra,2024-02-26 21:17:33
1823,Kemi Nwosu,kemi.nwosu1823@example.com,08056003945,Ikeja,Lagos,2025-05-06 12:21:38
1824,Chioma Ade,chioma.ade1824@example.com,08031120269,Owerri,Imo,2024-08-03 20:21:50
1825,Ibrahim Nwosu,ibrahim.nwosu1825@example.com,08161964250,Lagos,Lagos,2024-06-01 04:59:11
1826,Musa Igwe,musa.igwe1826@example.com,08036722684,Nnewi,Anambra,2024-06-05 09:37:25
1827,Tolu Adeyemi,tolu.adeyemi1827@example.com,08054979396,Ibadan,Oyo,2023-10-24 00:35:19
1828,Chukwudi Obi,chukwudi.obi1828@example.com,08032376963,Lagos,Lagos,2024-12-30 10:12:12
1829,Chioma Eze,chioma.eze1829@example.com,08074937602,Enugu,Enugu,2023-11-28 17:21:59
1830,Segun Mohammed,segun.mohammed1830@example.com,08056176890,Abuja,FCT,2025-08-02 15:16:47
1831,Chioma Eze,chioma.eze1831@example.com,08164036861,Abeokuta,Ogun,2025-03-26 07:09:32
1832,Tolu Mohammed,tolu.mohammed1832@example.com,08134553222,Awka,Anambra,2025-05-29 12:43:32
1833,Zainab Obi,zainab.obi1833@example.com,08102788460,Lagos,Lagos,2024-09-12 04:46:40
1834,Tunde Sanni,tunde.sanni1834@example.com,08059284282,Onitsha,Anambra,2023-12-01 12:09:26
1835,Chioma Chukwu,chioma.chukwu1835@example.com,08058919022,Abuja,FCT,2025-05-15 05:08:12
1836,Yusuf Ibe,yusuf.ibe1836@example.com,08138901835,Awka,Anambra,2025-02-14 23:25:26
1837,Emeka Sanni,emeka.sanni1837@example.com,08104212499,Enugu,Enugu,2025-08-27 08:31:39
1838,Ikenna Okeke,ikenna.okeke1838@example.com,08133247522,Ibadan,Oyo,2024-03-11 13:16:47
1839,Chukwudi Nnamdi,chukwudi.nnamdi1839@example.com,08165496700,Asaba,Delta,2025-03-10 04:26:22
1840,Musa Eze,musa.eze1840@example.com,08136671003,Onitsha,Anambra,2024-03-29 22:28:02
1841,Nneka Ojo,nneka.ojo1841@example.com,08037618437,Benin City,Edo,2024-10-05 19:14:43
1842,Tolu Okafor,tolu.okafor1842@example.com,08034876324,Benin City,Edo,2025-06-13 23:59:15
1843,Tolu Anyanwu,tolu.anyanwu1843@example.com,08103534395,Kano,Kano,2024-12-03 23:41:33
1844,Ifeoma Mohammed,ifeoma.mohammed1844@example.com,08167624015,Owerri,Imo,2024-03-27 23:08:39
1845,Chukwudi Danjuma,chukwudi.danjuma1845@example.com,08139150621,Benin City,Edo,2024-11-30 08:34:36
1846,Uche Sanni,uche.sanni1846@example.com,09061925129,Ikeja,Lagos,2025-05-04 18:14:15
1847,Ngozi Afolabi,ngozi.afolabi1847@example.com,08109134129,Awka,Anambra,2025-01-05 09:13:09
1848,Halima Igwe,halima.igwe1848@example.com,08075631052,Port Harcourt,Rivers,2025-04-02 17:04:06
1849,Aisha Sanni,aisha.sanni1849@example.com,08101062346,Owerri,Imo,2025-02-09 20:46:50
1850,Chinedu Okafor,chinedu.okafor1850@example.com,08037699176,Port Harcourt,Rivers,2023-12-30 19:37:23
1851,Oluchi Anyanwu,oluchi.anyanwu1851@example.com,08035486021,Owerri,Imo,2024-08-19 11:12:26
1852,Femi Igwe,femi.igwe1852@example.com,08105664335,Kaduna,Kaduna,2025-03-31 21:33:54
1853,Femi Ibe,femi.ibe1853@example.com,08102205598,Asaba,Delta,2025-04-26 09:15:05
1854,Nneka Abubakar,nneka.abubakar1854@example.com,08054406086,Port Harcourt,Rivers,2024-03-20 08:04:22
1855,Femi Ade,femi.ade1855@example.com,08108849340,Onitsha,Anambra,2025-07-31 00:53:55
1856,Ibrahim Balogun,ibrahim.balogun1856@example.com,08131987888,Ikeja,Lagos,2024-04-23 07:39:35
1857,Zainab Nnamdi,zainab.nnamdi1857@example.com,08164640284,Abuja,FCT,2025-05-03 11:49:36
1858,Chioma Ojo,chioma.ojo1858@example.com,08071433751,Onitsha,Anambra,2024-11-16 04:10:35
1859,Chinedu Adeyemi,chinedu.adeyemi1859@example.com,09037164974,Enugu,Enugu,2024-12-24 11:31:21
1860,Obinna Danjuma,obinna.danjuma1860@example.com,09064682872,Enugu,Enugu,2025-02-06 12:12:52
1861,Adaeze Eze,adaeze.eze1861@example.com,08138464513,Enugu,Enugu,2024-12-17 02:04:03
1862,Blessing Ogunleye,blessing.ogunleye1862@example.com,08102278978,Nnewi,Anambra,2024-08-29 19:00:27
1863,Ebuka Ibe,ebuka.ibe1863@example.com,08104148446,Abuja,FCT,2024-08-01 05:30:17
1864,Chioma Eze,chioma.eze1864@example.com,08055784614,Kaduna,Kaduna,2024-01-26 02:59:22
1865,Tunde Anyanwu,tunde.anyanwu1865@example.com,08136529944,Nnewi,Anambra,2024-10-18 00:23:48
1866,Ikenna Obi,ikenna.obi1866@example.com,08168351465,Enugu,Enugu,2023-12-31 12:43:11
1867,Damilola Obi,damilola.obi1867@example.com,08036261640,Benin City,Edo,2025-05-05 11:20:07
1868,Amaka Eze,amaka.eze1868@example.com,08137010556,Onitsha,Anambra,2024-02-05 14:00:34
1869,Blessing Ojo,blessing.ojo1869@example.com,08135352408,Asaba,Delta,2023-12-06 17:34:02
1870,Uche Okafor,uche.okafor1870@example.com,08167861044,Awka,Anambra,2024-03-22 12:06:26
1871,Chioma Ibe,chioma.ibe1871@example.com,08075127203,Ikeja,Lagos,2024-12-31 17:33:58
1872,Kelechi Afolabi,kelechi.afolabi1872@example.com,08073630808,Enugu,Enugu,2024-08-01 10:38:58
1873,Ibrahim Sanni,ibrahim.sanni1873@example.com,08072993185,Onitsha,Anambra,2025-05-24 10:34:22
1874,Chukwudi Eze,chukwudi.eze1874@example.com,08036363189,Abuja,FCT,2025-01-15 11:44:01
1875,Yusuf Onyeka,yusuf.onyeka1875@example.com,08054493165,Asaba,Delta,2024-08-29 07:44:30
1876,Oluchi Igwe,oluchi.igwe1876@example.com,08031079769,Nnewi,Anambra,2024-01-01 18:49:43
1877,Funke Adeyemi,funke.adeyemi1877@example.com,08162222379,Lagos,Lagos,2024-04-05 19:43:39
1878,Chinedu Okeke,chinedu.okeke1878@example.com,08106272539,Awka,Anambra,2023-12-13 23:52:43
1879,Obinna Eze,obinna.eze1879@example.com,08052982079,Kano,Kano,2025-06-17 18:28:08
1880,Femi Danjuma,femi.danjuma1880@example.com,08036829152,Awka,Anambra,2023-11-04 21:43:59
1881,Amaka Adeyemi,amaka.adeyemi1881@example.com,08056767539,Nnewi,Anambra,2024-09-12 14:09:16
1882,Tunde Onyeka,tunde.onyeka1882@example.com,08032272262,Asaba,Delta,2023-12-29 20:23:59
1883,Ibrahim Danjuma,ibrahim.danjuma1883@example.com,09063093359,Port Harcourt,Rivers,2024-02-20 17:00:28
1884,Obinna Lawal,obinna.lawal1884@example.com,08034583291,Owerri,Imo,2024-10-06 20:36:45
1885,Ngozi Afolabi,ngozi.afolabi1885@example.com,08107872492,Nnewi,Anambra,2025-07-30 19:10:32
1886,Ikenna Ojo,ikenna.ojo1886@example.com,08039500095,Nnewi,Anambra,2023-11-17 13:28:55
1887,Emeka Afolabi,emeka.afolabi1887@example.com,08168234285,Ikeja,Lagos,2024-02-23 11:42:51
1888,Blessing Ojo,blessing.ojo1888@example.com,08054601491,Onitsha,Anambra,2024-11-26 19:52:32
1889,Ngozi Nwosu,ngozi.nwosu1889@example.com,09062373501,Ikeja,Lagos,2025-06-16 10:18:56
1890,Obinna Igwe,obinna.igwe1890@example.com,08106884605,Kano,Kano,2025-04-05 04:53:02
1891,Funke Nnamdi,funke.nnamdi1891@example.com,09063490490,Kano,Kano,2024-04-20 20:19:37
1892,Obinna Ibe,obinna.ibe1892@example.com,09037403541,Benin City,Edo,2025-03-25 20:08:40
1893,Nneka Ojo,nneka.ojo1893@example.com,09034193383,Kaduna,Kaduna,2025-08-17 05:35:30
1894,Damilola Okeke,damilola.okeke1894@example.com,08057610392,Ibadan,Oyo,2024-11-24 10:06:05
1895,Chinedu Nnamdi,chinedu.nnamdi1895@example.com,08163672302,Abuja,FCT,2025-03-20 19:24:10
1896,Ifeoma Umeh,ifeoma.umeh1896@example.com,08131007587,Awka,Anambra,2024-02-07 00:16:22
1897,Damilola Balogun,damilola.balogun1897@example.com,08169357352,Nnewi,Anambra,2024-02-02 18:44:57
1898,Obinna Ibe,obinna.ibe1898@example.com,09039730173,Port Harcourt,Rivers,2024-09-02 08:32:01
1899,Uche Balogun,uche.balogun1899@example.com,08035412852,Lagos,Lagos,2025-06-03 02:50:47
1900,Yusuf Ibe,yusuf.ibe1900@example.com,08139209394,Owerri,Imo,2024-06-19 03:45:49
1901,Zainab Nwosu,zainab.nwosu1901@example.com,08131611407,Awka,Anambra,2025-08-01 03:37:19
1902,Adaeze Ade,adaeze.ade1902@example.com,09035382346,Nnewi,Anambra,2024-09-11 04:25:02
1903,Ikenna Adeyemi,ikenna.adeyemi1903@example.com,08139785484,Enugu,Enugu,2024-05-04 11:36:46
1904,Kemi Igwe,kemi.igwe1904@example.com,09063204369,Kaduna,Kaduna,2024-12-26 00:03:02
1905,Blessing Anyanwu,blessing.anyanwu1905@example.com,08054462404,Awka,Anambra,2024-12-18 22:06:58
1906,Yusuf Ade,yusuf.ade1906@example.com,09062358581,Owerri,Imo,2023-10-24 21:27:57
1907,Obinna Onyeka,obinna.onyeka1907@example.com,08103822450,Owerri,Imo,2024-11-03 16:31:18
1908,Tolu Obi,tolu.obi1908@example.com,08105816372,Lagos,Lagos,2024-06-03 00:20:15
1909,Kemi Ojo,kemi.ojo1909@example.com,08139807801,Ikeja,Lagos,2025-02-21 14:18:21
1910,Kemi Danjuma,kemi.danjuma1910@example.com,09069485963,Awka,Anambra,2024-07-13 08:25:15
1911,Femi Mohammed,femi.mohammed1911@example.com,08076292662,Benin City,Edo,2023-11-14 20:27:27
1912,Yusuf Danjuma,yusuf.danjuma1912@example.com,09066734015,Benin City,Edo,2025-06-15 03:48:32
1913,Funke Okeke,funke.okeke1913@example.com,08037072724,Abeokuta,Ogun,2024-01-19 07:17:32
1914,Adaeze Afolabi,adaeze.afolabi1914@example.com,08074535991,Owerri,Imo,2024-10-06 08:02:43
1915,Ebuka Sanni,ebuka.sanni1915@example.com,08073583472,Owerri,Imo,2024-05-27 20:28:52
1916,Funke Ojo,funke.ojo1916@example.com,08168322976,Nnewi,Anambra,2024-11-05 23:28:34
1917,Ikenna Lawal,ikenna.lawal1917@example.com,08035722508,Lagos,Lagos,2024-02-13 00:46:24
1918,Musa Ibe,musa.ibe1918@example.com,08071079505,Asaba,Delta,2024-08-17 21:12:28
1919,Tolu Ogunleye,tolu.ogunleye1919@example.com,08162924033,Kaduna,Kaduna,2025-08-03 12:54:05
1920,Kemi Onyeka,kemi.onyeka1920@example.com,09031297035,Lagos,Lagos,2025-02-23 22:27:49
1921,Ngozi Abubakar,ngozi.abubakar1921@example.com,08106542722,Ibadan,Oyo,2025-06-07 15:27:05
1922,Blessing Afolabi,blessing.afolabi1922@example.com,09069353496,Awka,Anambra,2024-03-14 06:41:20
1923,Chioma Anyanwu,chioma.anyanwu1923@example.com,08167534382,Lagos,Lagos,2025-07-29 20:11:19
1924,Uche Anyanwu,uche.anyanwu1924@example.com,09039268651,Asaba,Delta,2023-11-27 05:23:55
1925,Halima Okeke,halima.okeke1925@example.com,09062052278,Kaduna,Kaduna,2025-03-23 18:01:31
1926,Amaka Onyeka,amaka.onyeka1926@example.com,08033250631,Awka,Anambra,2025-05-13 15:55:10
1927,Chinedu Mohammed,chinedu.mohammed1927@example.com,09062298241,Ibadan,Oyo,2025-04-16 17:49:20
1928,Ibrahim Onyeka,ibrahim.onyeka1928@example.com,08059844123,Asaba,Delta,2024-08-17 08:24:24
1929,Amaka Nnamdi,amaka.nnamdi1929@example.com,09037613561,Kaduna,Kaduna,2024-04-20 17:09:49
1930,Tolu Afolabi,tolu.afolabi1930@example.com,09066425797,Enugu,Enugu,2025-05-02 09:36:09
1931,Funke Balogun,funke.balogun1931@example.com,08078781719,Lagos,Lagos,2025-07-08 10:20:45
1932,Ifeoma Okeke,ifeoma.okeke1932@example.com,08163005841,Enugu,Enugu,2023-10-06 11:41:04
1933,Bisi Adeyemi,bisi.adeyemi1933@example.com,08057725961,Benin City,Edo,2024-02-03 19:18:55
1934,Halima Okeke,halima.okeke1934@example.com,09038641133,Owerri,Imo,2024-07-29 15:26:15
1935,Segun Mohammed,segun.mohammed1935@example.com,08163381456,Abeokuta,Ogun,2025-01-29 12:31:39
1936,Ibrahim Igwe,ibrahim.igwe1936@example.com,08072438045,Enugu,Enugu,2023-12-07 20:52:32
1937,Funke Adeyemi,funke.adeyemi1937@example.com,08037499227,Onitsha,Anambra,2023-10-14 20:05:06
1938,Chukwudi Igwe,chukwudi.igwe1938@example.com,09039501105,Port Harcourt,Rivers,2025-07-08 07:13:44
1939,Nneka Sanni,nneka.sanni1939@example.com,09063665289,Onitsha,Anambra,2024-10-18 07:38:49
1940,Oluchi Obi,oluchi.obi1940@example.com,08075595278,Nnewi,Anambra,2023-12-31 00:42:02
1941,Tolu Onyeka,tolu.onyeka1941@example.com,08103728063,Enugu,Enugu,2025-01-20 11:44:27
1942,Ngozi Bello,ngozi.bello1942@example.com,09066044158,Onitsha,Anambra,2023-12-09 13:18:44
1943,Obinna Okafor,obinna.okafor1943@example.com,08105867365,Port Harcourt,Rivers,2024-01-30 22:35:49
1944,Ikenna Nnamdi,ikenna.nnamdi1944@example.com,08168929818,Abuja,FCT,2023-12-14 11:07:38
1945,Halima Bello,halima.bello1945@example.com,08163483244,Port Harcourt,Rivers,2024-02-20 16:41:01
1946,Nneka Igwe,nneka.igwe1946@example.com,09064295387,Abeokuta,Ogun,2023-12-04 20:53:21
1947,Ebuka Adeyemi,ebuka.adeyemi1947@example.com,08106985707,Ikeja,Lagos,2025-04-13 03:08:15
1948,Blessing Abubakar,blessing.abubakar1948@example.com,08136315130,Nnewi,Anambra,2025-04-29 01:52:17
1949,Tunde Bello,tunde.bello1949@example.com,08133192740,Awka,Anambra,2025-01-30 15:23:08
1950,Chinedu Ogunleye,chinedu.ogunleye1950@example.com,08053770325,Ibadan,Oyo,2025-06-29 05:46:54
1951,Ikenna Anyanwu,ikenna.anyanwu1951@example.com,08058242835,Lagos,Lagos,2024-08-27 20:12:35
1952,Obinna Eze,obinna.eze1952@example.com,08033852154,Abeokuta,Ogun,2024-09-29 02:15:53
1953,Ebuka Ojo,ebuka.ojo1953@example.com,08104967800,Abuja,FCT,2025-01-12 16:59:17
1954,Chioma Abubakar,chioma.abubakar1954@example.com,08035727134,Port Harcourt,Rivers,2024-08-27 05:32:14
1955,Oluchi Mohammed,oluchi.mohammed1955@example.com,09038448515,Benin City,Edo,2024-05-24 18:04:59
1956,Ebuka Afolabi,ebuka.afolabi1956@example.com,09031698141,Nnewi,Anambra,2024-11-01 18:49:45
1957,Funke Afolabi,funke.afolabi1957@example.com,08162415916,Onitsha,Anambra,2024-09-26 17:21:02
1958,Damilola Lawal,damilola.lawal1958@example.com,09032797816,Abuja,FCT,2024-12-20 08:27:12
1959,Kelechi Danjuma,kelechi.danjuma1959@example.com,09063911813,Abeokuta,Ogun,2024-06-21 02:53:55
1960,Tolu Lawal,tolu.lawal1960@example.com,09067893321,Ikeja,Lagos,2024-12-11 06:10:24
1961,Tolu Anyanwu,tolu.anyanwu1961@example.com,08032823776,Kano,Kano,2025-05-22 06:06:20
1962,Damilola Adeyemi,damilola.adeyemi1962@example.com,08079083188,Awka,Anambra,2025-04-11 03:31:38
1963,Segun Afolabi,segun.afolabi1963@example.com,08056063593,Enugu,Enugu,2024-09-24 21:35:17
1964,Bisi Danjuma,bisi.danjuma1964@example.com,09063010087,Port Harcourt,Rivers,2024-12-19 17:07:32
1965,Nneka Nnamdi,nneka.nnamdi1965@example.com,08038990549,Ikeja,Lagos,2024-04-20 14:43:46
1966,Bisi Ade,bisi.ade1966@example.com,08036749777,Abeokuta,Ogun,2024-10-10 11:35:15
1967,Emeka Ibe,emeka.ibe1967@example.com,09069806421,Enugu,Enugu,2024-04-07 15:14:40
1968,Funke Okeke,funke.okeke1968@example.com,08076242153,Asaba,Delta,2025-02-04 07:35:36
1969,Kemi Lawal,kemi.lawal1969@example.com,08031257701,Lagos,Lagos,2024-01-04 01:31:51
1970,Obinna Sanni,obinna.sanni1970@example.com,08137773668,Benin City,Edo,2025-05-06 05:30:03
1971,Kelechi Balogun,kelechi.balogun1971@example.com,08134229353,Lagos,Lagos,2023-12-29 06:17:40
1972,Ifeoma Ibe,ifeoma.ibe1972@example.com,08038532340,Onitsha,Anambra,2024-05-20 21:15:56
1973,Chioma Adeyemi,chioma.adeyemi1973@example.com,08132265026,Onitsha,Anambra,2024-02-20 16:54:58
1974,Ebuka Okeke,ebuka.okeke1974@example.com,08166632593,Asaba,Delta,2024-10-31 13:45:59
1975,Zainab Balogun,zainab.balogun1975@example.com,08052832965,Onitsha,Anambra,2025-04-07 04:42:58
1976,Ibrahim Chukwu,ibrahim.chukwu1976@example.com,08038403520,Kano,Kano,2025-05-05 19:34:53
1977,Aisha Ade,aisha.ade1977@example.com,08132799635,Ikeja,Lagos,2024-03-18 05:02:56
1978,Yusuf Igwe,yusuf.igwe1978@example.com,08165375067,Ikeja,Lagos,2024-10-24 09:48:43
1979,Halima Ibe,halima.ibe1979@example.com,09066673122,Abeokuta,Ogun,2023-12-10 22:43:16
1980,Zainab Lawal,zainab.lawal1980@example.com,08168155574,Nnewi,Anambra,2024-08-13 17:17:06
1981,Musa Umeh,musa.umeh1981@example.com,09036322061,Nnewi,Anambra,2025-04-01 20:38:10
1982,Nneka Ade,nneka.ade1982@example.com,08137978297,Kaduna,Kaduna,2025-04-16 15:39:46
1983,Adaeze Nnamdi,adaeze.nnamdi1983@example.com,08054563305,Abeokuta,Ogun,2024-09-24 09:06:40
1984,Ebuka Ogunleye,ebuka.ogunleye1984@example.com,08033447949,Enugu,Enugu,2025-07-20 13:08:53
1985,Oluchi Okeke,oluchi.okeke1985@example.com,08133528882,Benin City,Edo,2023-10-17 03:32:19
1986,Tunde Sanni,tunde.sanni1986@example.com,08074784993,Asaba,Delta,2025-08-23 21:44:19
1987,Tolu Umeh,tolu.umeh1987@example.com,08102347758,Kano,Kano,2024-04-28 15:50:27
1988,Damilola Ogunleye,damilola.ogunleye1988@example.com,08035326452,Owerri,Imo,2025-06-11 05:55:42
1989,Segun Bello,segun.bello1989@example.com,08164571689,Enugu,Enugu,2024-08-20 04:45:46
1990,Kemi Ojo,kemi.ojo1990@example.com,08056732331,Ikeja,Lagos,2025-01-10 12:52:02
1991,Yusuf Balogun,yusuf.balogun1991@example.com,09031866660,Awka,Anambra,2024-06-23 21:45:03
1992,Funke Adeyemi,funke.adeyemi1992@example.com,08072249951,Enugu,Enugu,2023-11-03 09:18:13
1993,Tunde Bello,tunde.bello1993@example.com,09061319777,Benin City,Edo,2025-01-09 05:47:40
1994,Segun Bello,segun.bello1994@example.com,09036832932,Port Harcourt,Rivers,2024-09-06 04:42:08
1995,Segun Nnamdi,segun.nnamdi1995@example.com,08054585270,Abuja,FCT,2024-01-09 14:17:17
1996,Segun Okafor,segun.okafor1996@example.com,08035669459,Abuja,FCT,2023-12-05 05:21:42
1997,Damilola Balogun,damilola.balogun1997@example.com,08039853301,Awka,Anambra,2023-12-11 23:00:56
1998,Uche Ibe,uche.ibe1998@example.com,08058234586,Nnewi,Anambra,2025-03-25 22:45:25
1999,Chukwudi Ibe,chukwudi.ibe1999@example.com,08102598358,Ibadan,Oyo,2025-05-25 03:34:22
2000,Chinedu Ogunleye,chinedu.ogunleye2000@example.com,08136611910,Nnewi,Anambra,2024-03-14 10:25:24
